Address,Rooms,Floor,Square,Price,Day,Month,Year
קבוץ גלויות 25,2.0,2,39.0,920000.0,25,11,2021
המעפילים 40,2.0,2,42.0,1180000.0,18,11,2021
המעפילים 22,2.0,0,39.0,1150000.0,14,11,2021
המעפילים 9,4.0,5,99.0,1200000.0,14,11,2021
המעפילים 1,4.0,5,94.0,1190000.0,12,11,2021
קבוץ גלויות 20,3.0,4,59.0,1070000.0,8,11,2021
"רמב""ם 2",3.0,3,65.0,1020000.0,2,11,2021
המעפילים 9,3.0,3,68.0,1300000.0,28,10,2021
קבוץ גלויות 37,2.0,1,39.0,830000.0,27,10,2021
המעפילים 6,3.0,2,63.0,1150000.0,25,10,2021
"רמב""ם 14",2.0,2,42.0,980000.0,22,10,2021
המעפילים 32,2.0,2,39.0,1150000.0,22,10,2021
שבי ציון 37,3.0,6,66.0,1175000.0,21,10,2021
הרב קוק 12,2.0,1,44.0,1150000.0,20,10,2021
המעפילים 58,3.0,3,50.0,1320000.0,20,10,2021
הרב קוק 15,4.0,4,64.0,940000.0,19,10,2021
הרב קוק 19,3.0,1,54.0,600000.0,14,10,2021
המעפילים 62,3.0,3,97.0,1350000.0,11,10,2021
קבוץ גלויות 13,4.0,0,77.0,1260000.0,10,10,2021
המעפילים 58,4.0,1,107.0,1310000.0,7,10,2021
המעפילים 52,3.0,2,58.0,1315000.0,7,10,2021
המעפילים 32,2.0,0,39.0,1120000.0,5,10,2021
הרב קוק 39,3.0,3,54.0,1070000.0,5,10,2021
הרב קוק 3,4.0,1,63.0,1350000.0,4,10,2021
"רמב""ם 9",2.0,0,39.0,223000.0,3,10,2021
אבן גבירול 2,2.0,1,49.0,288000.0,3,10,2021
בורוכוב 22,2.0,2,39.0,154000.0,30,9,2021
קבוץ גלויות 21,3.0,0,77.0,1370000.0,19,9,2021
המעפילים 5,4.0,4,80.0,1325000.0,14,9,2021
אבן גבירול 13,2.0,2,39.0,850000.0,12,9,2021
"רמב""ם 10",2.0,0,39.0,900000.0,9,9,2021
הרב מימון 27,2.0,2,42.0,930000.0,31,8,2021
קבוץ גלויות 6,3.0,3,59.0,1061000.0,31,8,2021
הרב קוק 15,4.0,4,64.0,937000.0,29,8,2021
מקלנבורג 8,2.0,1,44.0,870000.0,25,8,2021
"רמב""ם 8",2.0,1,39.0,700000.0,23,8,2021
המעפילים 15,4.0,6,102.0,1360000.0,23,8,2021
המעפילים 30,2.0,2,39.0,1050000.0,15,8,2021
המעפילים 2,4.0,7,111.0,1750000.0,10,8,2021
המעפילים 4,3.0,7,66.0,1280000.0,8,8,2021
הרב קוק 31,3.0,4,50.0,1090000.0,1,8,2021
המעפילים 26,3.0,4,64.0,890000.0,1,8,2021
קבוץ גלויות 31,2.0,0,39.0,1110000.0,1,8,2021
סטרומה 7,4.0,5,90.0,1420000.0,1,8,2021
המעפילים 9,5.0,4,104.0,1320000.0,28,7,2021
"רמב""ם 2",3.0,1,65.0,1140000.0,27,7,2021
הרב קוק 39,3.0,8,54.0,1030000.0,27,7,2021
קבוץ גלויות 8,3.0,4,56.0,1170000.0,26,7,2021
הרב מימון 17,2.0,0,42.0,584000.0,25,7,2021
הרב קוק 25,2.0,1,40.0,1050000.0,19,7,2021
המעפילים 8,3.0,3,63.0,1250000.0,13,7,2021
אבן גבירול 7,2.0,2,39.0,890000.0,13,7,2021
המעפילים 32,2.0,1,39.0,1115000.0,12,7,2021
הרב קוק 3,4.0,5,112.0,1335000.0,12,7,2021
הרב קוק 29,3.0,4,54.0,1080000.0,11,7,2021
בורוכוב 20,3.0,1,59.0,1031000.0,9,7,2021
יוספטל 17,2.0,0,36.0,1485000.0,8,7,2021
אבן גבירול 19,2.0,1,39.0,820000.0,7,7,2021
הרב הרצוג 3,2.0,1,39.0,800000.0,6,7,2021
המעפילים 15,4.0,3,86.0,1460000.0,27,6,2021
אבן גבירול 23,3.0,1,54.0,1035000.0,23,6,2021
מקלנבורג 10,2.0,0,44.0,800000.0,22,6,2021
הרב מימון 1,2.0,1,42.0,925000.0,21,6,2021
המעפילים 1,3.0,4,63.0,950000.0,20,6,2021
"רמב""ם 2",3.0,0,63.0,1335000.0,20,6,2021
המעפילים 8,3.0,4,63.0,1170000.0,14,6,2021
הרב קוק 31,3.0,2,50.0,900000.0,13,6,2021
המעפילים 24,2.0,3,39.0,1100000.0,13,6,2021
הרב קוק 17,3.0,0,56.0,1040000.0,7,6,2021
"רמב""ם 2",3.0,0,63.0,850000.0,7,6,2021
מקלנבורג 10,2.0,0,44.0,591000.0,1,6,2021
"רמב""ם 9",2.0,0,39.0,671000.0,1,6,2021
יוספטל 9,3.0,3,67.0,990000.0,1,6,2021
אבן גבירול 13,2.0,2,39.0,910000.0,30,5,2021
יורדי הסירה 8,3.0,1,59.0,1180000.0,30,5,2021
יוספטל 4,2.0,1,38.0,880000.0,24,5,2021
הרב קוק 12,2.0,2,44.0,840000.0,23,5,2021
הרב מימון 15,2.0,2,39.0,860000.0,23,5,2021
בורוכוב 4,3.0,0,64.0,170000.0,20,5,2021
קבוץ גלויות 8,3.0,2,56.0,900000.0,19,5,2021
המעפילים 24,2.0,2,39.0,1100000.0,13,5,2021
הרב קוק 12,2.0,3,44.0,910000.0,12,5,2021
המעפילים 30,2.0,0,39.0,1000000.0,9,5,2021
הרב קוק 25,2.0,3,40.0,1010000.0,5,5,2021
הרב קוק 39,3.0,8,54.0,491000.0,2,5,2021
הרב מימון 5,2.0,3,42.0,835000.0,29,4,2021
הרב קוק 17,3.0,1,56.0,970000.0,20,4,2021
יורדי הסירה 8,4.0,0,93.0,1355000.0,19,4,2021
הרב מימון 23,2.0,0,39.0,910000.0,18,4,2021
בורוכוב 23,3.0,0,36.0,1250000.0,12,4,2021
המעפילים 32,2.0,2,39.0,362000.0,11,4,2021
קבוץ גלויות 20,3.0,3,59.0,1100000.0,11,4,2021
מקלנבורג 4,3.0,0,54.0,990000.0,8,4,2021
קבוץ גלויות 16,2.0,2,42.0,800000.0,7,4,2021
סולד הנריטה 4,2.0,1,39.0,805000.0,7,4,2021
הרב קוק 41,3.0,0,90.0,1210000.0,7,4,2021
אבן גבירול 11,2.0,2,39.0,968000.0,25,3,2021
הרב קוק 3,4.0,1,100.0,1425000.0,22,3,2021
הרב קוק 47,3.0,2,54.0,625000.0,18,3,2021
המעפילים 4,4.0,7,76.0,1600000.0,15,3,2021
בורוכוב 8,3.0,1,64.0,1000000.0,9,3,2021
אגדיר 13,2.0,0,42.0,943000.0,8,3,2021
אבן גבירול 7,2.0,0,39.0,878000.0,8,3,2021
הרב מימון 13,2.0,0,42.0,920000.0,7,3,2021
המעפילים 62,4.0,1,90.0,1420000.0,7,3,2021
שבי ציון 37,3.0,2,68.0,1080000.0,3,3,2021
שבי ציון 37,4.0,4,74.0,1230000.0,2,3,2021
המעפילים 4,5.0,6,96.0,1400000.0,2,3,2021
אבן גבירול 27,2.0,2,39.0,920000.0,1,3,2021
יוספטל 6,3.0,2,75.0,1070000.0,28,2,2021
"רמב""ם 8",2.0,1,39.0,508000.0,28,2,2021
קבוץ גלויות 31,3.0,0,54.0,930000.0,25,2,2021
מקלנבורג 8,2.0,0,44.0,960000.0,25,2,2021
המעפילים 62,4.0,5,102.0,1420000.0,23,2,2021
הרב קוק 19,3.0,6,54.0,983000.0,18,2,2021
קבוץ גלויות 25,2.0,0,39.0,750000.0,17,2,2021
יורדי הסירה 8,3.0,2,94.0,1360000.0,17,2,2021
המעפילים 60,3.0,1,41.0,980000.0,16,2,2021
קבוץ גלויות 8,3.0,4,58.0,980000.0,16,2,2021
הרב הרצוג 19,2.0,2,42.0,750000.0,9,2,2021
הרב קוק 29,3.0,5,54.0,1100000.0,8,2,2021
סטרומה 7,5.0,6,125.0,1600000.0,4,2,2021
הרב מימון 14,3.0,0,36.0,1650000.0,3,2,2021
"רמב""ם 2",3.0,1,65.0,940000.0,31,1,2021
יוספטל 21,2.0,0,36.0,860000.0,28,1,2021
קבוץ גלויות 6,3.0,1,60.0,1065000.0,24,1,2021
הרב קוק 39,3.0,6,54.0,206000.0,21,1,2021
אבן גבירול 18,3.0,1,36.0,1200000.0,21,1,2021
דוכיפת 2,4.0,0,93.0,1850000.0,15,1,2021
קבוץ גלויות 20,3.0,3,64.0,1114000.0,15,1,2021
הרב מימון 27,2.0,2,42.0,950000.0,10,1,2021
המעפילים 62,3.0,3,97.0,1180000.0,7,1,2021
הרב קוק 19,3.0,5,54.0,920000.0,7,1,2021
המעפילים 5,3.0,4,82.0,1250000.0,5,1,2021
שבי ציון 32,3.0,6,69.0,1200000.0,5,1,2021
יוספטל 10,3.0,4,68.0,990000.0,27,12,2020
בורוכוב 12,3.0,1,63.0,950000.0,24,12,2020
קבוץ גלויות 14,3.0,1,66.0,850000.0,23,12,2020
הרב קוק 3,4.0,6,93.0,1250000.0,23,12,2020
המעפילים 30,2.0,0,39.0,1000000.0,17,12,2020
יוספטל 12,4.0,0,125.0,1390000.0,16,12,2020
יוספטל 4,2.0,4,38.0,850000.0,15,12,2020
הרב קוק 25,2.0,3,40.0,900000.0,14,12,2020
אבן גבירול 13,2.0,0,39.0,890000.0,13,12,2020
הרב הרצוג 3,2.0,3,39.0,1060000.0,13,12,2020
דוכיפת 6,3.0,0,93.0,2000000.0,9,12,2020
הרב מימון 5,2.0,2,42.0,880000.0,3,12,2020
הרב הרצוג 18,2.0,0,39.0,360000.0,29,11,2020
המעפילים 28,2.0,0,39.0,552000.0,29,11,2020
המעפילים 22,2.0,2,39.0,1040000.0,26,11,2020
אגדיר 13,2.0,1,42.0,1150000.0,24,11,2020
הרב קוק 19,3.0,6,54.0,1000000.0,18,11,2020
המעפילים 20,2.0,0,39.0,1030000.0,15,11,2020
המעפילים 60,3.0,1,52.0,582500.0,11,11,2020
אבן גבירול 9,2.0,1,39.0,890000.0,11,11,2020
שבי ציון 43,3.0,3,66.0,1200000.0,9,11,2020
המעפילים 15,4.0,5,104.0,1310000.0,2,11,2020
המעפילים 62,4.0,1,104.0,1537000.0,2,11,2020
המעפילים 4,3.0,7,67.0,1200000.0,29,10,2020
הרב הרצוג 13,2.0,0,36.0,880000.0,28,10,2020
קבוץ גלויות 8,3.5,3,58.0,1085000.0,21,10,2020
הרב הרצוג 3,2.0,3,39.0,805000.0,20,10,2020
המעפילים 8,3.0,2,63.0,1000000.0,20,10,2020
המעפילים 62,4.0,5,105.0,1390000.0,7,10,2020
המעפילים 56,3.0,3,58.0,940000.0,24,9,2020
קבוץ גלויות 17,4.0,0,70.0,950000.0,24,9,2020
קבוץ גלויות 12,2.0,2,42.0,815000.0,16,9,2020
קבוץ גלויות 16,2.0,1,42.0,855000.0,10,9,2020
הרב קוק 3,4.0,7,100.0,1580000.0,10,9,2020
המעפילים 8,3.0,4,63.0,965000.0,3,9,2020
המעפילים 36,2.0,2,39.0,1035000.0,2,9,2020
הרב קוק 31,3.0,4,56.0,1070000.0,2,9,2020
קבוץ גלויות 4,3.0,2,60.0,950000.0,31,8,2020
הרב מימון 17,2.5,2,42.0,900000.0,26,8,2020
הרב קוק 2,4.0,6,99.0,1305000.0,13,8,2020
המעפילים 3,4.0,6,99.0,1366000.0,13,8,2020
בורוכוב 18,2.5,2,39.0,950000.0,11,8,2020
מקלנבורג 6,3.0,1,54.0,940000.0,10,8,2020
קבוץ גלויות 8,3.0,4,61.0,1030000.0,2,8,2020
הרב הרצוג 3,2.0,3,39.0,815000.0,26,7,2020
הרב קוק 14,2.0,0,44.0,980000.0,22,7,2020
הרב קוק 14,2.0,3,44.0,259000.0,21,7,2020
המעפילים 24,2.0,0,39.0,915000.0,21,7,2020
המעפילים 62,4.0,5,110.0,1340000.0,21,7,2020
הרב קוק 13,3.0,4,63.0,1120000.0,20,7,2020
בורוכוב 18,3.0,1,59.0,870000.0,19,7,2020
יורדי הסירה 2,3.5,4,56.0,965000.0,14,7,2020
הרב קוק 39,3.0,5,54.0,1550000.0,6,7,2020
הרב קוק 45,3.0,1,55.0,1300000.0,6,7,2020
המעפילים 3,4.0,5,99.0,1343000.0,5,7,2020
המעפילים 52,3.0,0,53.0,1260000.0,1,7,2020
סטרומה 7,5.0,6,109.0,1350000.0,1,7,2020
הרב מימון 20,3.0,0,52.0,1470000.0,1,7,2020
המעפילים 3,5.0,5,104.0,1380000.0,29,6,2020
קבוץ גלויות 9,2.0,2,39.0,790000.0,25,6,2020
המעפילים 22,2.0,3,39.0,740000.0,22,6,2020
הרב קוק 21,2.0,2,40.0,318000.0,16,6,2020
הרב מימון 23,2.0,2,39.0,436000.0,16,6,2020
אבן גבירול 7,2.0,2,39.0,850000.0,15,6,2020
המעפילים 2,4.0,4,95.0,1140000.0,14,6,2020
יצחק שדה 2,2.5,2,52.0,1200000.0,7,6,2020
"רמב""ם 7",2.0,1,52.0,960000.0,31,5,2020
הרב מימון 5,2.0,2,42.0,950000.0,28,5,2020
"רמב""ם 11",2.0,1,39.0,93333.0,25,5,2020
הרב קוק 13,3.0,1,63.0,1030000.0,24,5,2020
הרב קוק 17,3.0,0,56.0,930000.0,20,5,2020
בורוכוב 22,2.0,0,58.0,950000.0,19,5,2020
נחליאלי 3,3.0,0,78.0,1790000.0,14,5,2020
אבן גבירול 2,2.0,0,49.0,880000.0,13,5,2020
הרב קוק 43,3.0,5,110.0,1130000.0,11,5,2020
המעפילים 5,3.0,7,53.0,1180000.0,8,5,2020
אבן גבירול 1,4.0,7,110.0,1560000.0,7,5,2020
המעפילים 11,3.0,1,54.0,1090000.0,6,5,2020
אבן גבירול 1,4.0,5,98.0,1350000.0,6,5,2020
קבוץ גלויות 21,3.0,2,76.0,1000000.0,30,4,2020
שבי ציון 41,3.0,6,66.0,1150000.0,24,4,2020
אבן גבירול 15,3.0,3,54.0,900000.0,19,4,2020
יוספטל 6,3.0,1,68.0,1037000.0,5,4,2020
המעפילים 11,3.0,7,70.0,1180000.0,2,4,2020
"רמב""ם 12",2.0,3,42.0,900000.0,30,3,2020
המעפילים 22,2.0,0,39.0,1250000.0,25,3,2020
המעפילים 11,4.0,5,95.0,1330000.0,23,3,2020
המעפילים 5,3.0,7,53.0,1175000.0,15,3,2020
יוספטל 10,3.0,3,68.0,1080000.0,12,3,2020
"רמב""ם 5",4.0,5,96.0,1270000.0,10,3,2020
קבוץ גלויות 12,2.0,1,42.0,875000.0,8,3,2020
המעפילים 4,3.0,4,63.0,970000.0,8,3,2020
ילין דוד 8,4.0,6,95.0,915000.0,5,3,2020
המעפילים 2,3.0,1,63.0,1115000.0,4,3,2020
"רמב""ם 5",3.0,0,80.0,1000000.0,25,2,2020
אבן גבירול 23,3.0,0,54.0,860000.0,23,2,2020
יוספטל 10,4.0,3,80.0,1090000.0,19,2,2020
המעפילים 9,3.0,7,63.0,1170000.0,14,2,2020
המעפילים 11,3.0,1,90.0,1200000.0,12,2,2020
המעפילים 3,3.0,7,64.0,1190000.0,11,2,2020
אבן גבירול 19,2.5,1,39.0,950000.0,10,2,2020
המעפילים 18,2.5,3,44.0,920000.0,10,2,2020
הרב קוק 29,3.0,7,54.0,1150000.0,9,2,2020
המעפילים 28,2.0,3,39.0,1050000.0,9,2,2020
אבן גבירול 25,3.0,2,54.0,980000.0,4,2,2020
יוספטל 10,4.0,3,80.0,780000.0,28,1,2020
אבן גבירול 7,2.0,0,39.0,855000.0,19,1,2020
המעפילים 62,2.0,7,68.0,1270000.0,19,1,2020
הרב מימון 15,2.5,2,39.0,760000.0,16,1,2020
המעפילים 6,3.0,3,63.0,970000.0,16,1,2020
דוכיפת 3,4.0,0,91.0,1520000.0,15,1,2020
הרב קוק 39,3.0,6,54.0,1000000.0,14,1,2020
יוספטל 23,2.0,0,36.0,633000.0,13,1,2020
המעפילים 5,4.0,7,99.0,1265000.0,9,1,2020
הרב קוק 3,3.5,6,90.0,1300000.0,9,1,2020
בורוכוב 18,2.0,1,39.0,900000.0,7,1,2020
"רמב""ם 2",3.0,1,65.0,1030000.0,6,1,2020
המעפילים 5,4.0,6,99.0,1250000.0,5,1,2020
"רמב""ם 2",3.0,1,66.0,990000.0,2,1,2020
המעפילים 5,5.0,6,104.0,1335000.0,1,1,2020
הרב מימון 5,2.0,2,42.0,900000.0,25,12,2019
בורוכוב 8,3.0,0,39.0,980000.0,23,12,2019
המעפילים 5,5.0,5,104.0,1340000.0,23,12,2019
הרב הרצוג 15,2.0,2,42.0,885000.0,19,12,2019
המעפילים 11,4.0,6,92.0,1320000.0,17,12,2019
הרב קוק 23,2.0,3,40.0,925000.0,16,12,2019
המעפילים 5,5.0,5,104.0,1355000.0,16,12,2019
המעפילים 34,2.0,1,39.0,950000.0,15,12,2019
"רמב""ם 8",2.0,1,39.0,940000.0,9,12,2019
המעפילים 8,3.0,3,63.0,990000.0,9,12,2019
המעפילים 26,3.0,1,64.0,1075000.0,8,12,2019
הרב מימון 21,2.5,3,42.0,865000.0,8,12,2019
המעפילים 4,3.0,3,63.0,1065000.0,5,12,2019
המעפילים 60,3.0,2,50.0,1030000.0,2,12,2019
המעפילים 2,4.0,4,110.0,1150000.0,2,12,2019
המעפילים 10,3.0,2,63.0,1175000.0,2,12,2019
המעפילים 60,3.0,3,50.0,1050000.0,1,12,2019
קבוץ גלויות 25,2.0,2,39.0,900000.0,28,11,2019
יורדי הסירה 4,3.0,1,59.0,1070000.0,28,11,2019
הרב קוק 39,3.0,5,54.0,1350000.0,28,11,2019
זמיר 3,4.0,0,88.0,1600000.0,26,11,2019
הרב קוק 17,3.0,2,56.0,950000.0,25,11,2019
המעפילים 8,3.0,1,63.0,1120000.0,25,11,2019
סולד הנריטה 4,2.0,2,39.0,800000.0,24,11,2019
יוספטל 17,4.0,1,74.0,139000.0,21,11,2019
"רמב""ם 9",2.0,2,39.0,830000.0,20,11,2019
יורדי הסירה 12,4.0,1,100.0,1350000.0,19,11,2019
המעפילים 9,5.0,6,104.0,1360000.0,13,11,2019
סולד הנריטה 4,2.5,1,39.0,915000.0,10,11,2019
המעפילים 30,2.0,1,39.0,433000.0,7,11,2019
מקלנבורג 10,2.0,1,44.0,825000.0,6,11,2019
"רמב""ם 10",2.0,0,39.0,875000.0,5,11,2019
קבוץ גלויות 12,2.0,2,42.0,870000.0,5,11,2019
אבן גבירול 9,2.0,2,39.0,800000.0,3,11,2019
קבוץ גלויות 11,2.0,2,39.0,860000.0,3,11,2019
המעפילים 15,4.0,7,89.0,1350000.0,31,10,2019
המעפילים 58,4.0,1,102.0,1260000.0,29,10,2019
בורוכוב 22,2.5,2,39.0,800000.0,29,10,2019
המעפילים 20,2.0,2,39.0,300000.0,27,10,2019
דרור 4,3.0,0,96.0,1800000.0,27,10,2019
"רמב""ם 2",3.0,0,63.0,940000.0,24,10,2019
המעפילים 30,2.0,1,39.0,930000.0,17,10,2019
המעפילים 5,4.0,5,99.0,1250000.0,13,10,2019
קבוץ גלויות 9,2.0,0,39.0,1100000.0,11,10,2019
הרב קוק 25,2.0,1,40.0,970000.0,27,9,2019
המעפילים 18,2.5,1,44.0,910000.0,25,9,2019
יצחק שדה 3,2.0,0,36.0,1100000.0,23,9,2019
אבן גבירול 20,2.0,0,36.0,780000.0,19,9,2019
המעפילים 9,4.0,5,99.0,1260000.0,18,9,2019
הרב קוק 3,3.5,5,100.0,1280000.0,18,9,2019
המעפילים 22,2.0,0,39.0,890000.0,16,9,2019
המעפילים 9,5.0,5,104.0,1300000.0,6,9,2019
המעפילים 56,3.0,0,53.0,880000.0,5,9,2019
יצחק שדה 2,2.0,1,52.0,1358000.0,5,9,2019
הרב קוק 14,2.0,2,44.0,855000.0,1,9,2019
הרב קוק 3,3.5,6,90.0,1280000.0,30,8,2019
שבי ציון 41,3.5,6,66.0,1160000.0,26,8,2019
מקלנבורג 10,4.0,0,68.0,1530000.0,19,8,2019
הרב קוק 3,3.5,5,90.0,1250000.0,15,8,2019
הרב קוק 3,3.5,5,90.0,1275000.0,15,8,2019
"רמב""ם 16",2.0,2,42.0,1260000.0,13,8,2019
אבן גבירול 9,2.0,0,39.0,143000.0,4,8,2019
המעפילים 22,2.0,2,39.0,731000.0,4,8,2019
המעפילים 62,2.0,7,60.0,1200000.0,29,7,2019
אבן גבירול 19,2.0,2,39.0,850000.0,28,7,2019
הרב קוק 3,3.5,5,92.0,1230000.0,28,7,2019
המעפילים 11,3.0,1,54.0,1000000.0,23,7,2019
יצחק שדה 2,3.0,7,61.0,1240000.0,22,7,2019
המעפילים 7,5.0,3,104.0,1360000.0,20,7,2019
קבוץ גלויות 31,2.0,1,39.0,875000.0,17,7,2019
יורדי הסירה 6,3.0,3,53.0,1030000.0,17,7,2019
המעפילים 9,4.0,3,80.0,1180000.0,15,7,2019
המעפילים 4,3.0,4,63.0,990000.0,14,7,2019
המעפילים 7,5.0,2,104.0,1350000.0,10,7,2019
המעפילים 36,2.0,3,39.0,970000.0,7,7,2019
אגדיר 9,2.5,0,42.0,1120000.0,3,7,2019
"רמב""ם 12",2.0,2,42.0,750000.0,3,7,2019
קבוץ גלויות 9,2.0,1,39.0,590000.0,30,6,2019
הרב קוק 39,3.0,1,54.0,603000.0,30,6,2019
הרב קוק 17,3.0,2,56.0,995000.0,26,6,2019
קבוץ גלויות 6,2.0,4,44.0,820000.0,23,6,2019
הרב קוק 12,2.5,3,44.0,790000.0,20,6,2019
מקלנבורג 6,3.0,2,54.0,831000.0,20,6,2019
יורדי הסירה 4,3.0,1,64.0,1000000.0,17,6,2019
הרב קוק 12,2.0,2,44.0,730000.0,7,6,2019
בורוכוב 8,3.0,0,82.0,1050000.0,5,6,2019
קבוץ גלויות 9,2.0,1,39.0,765000.0,5,6,2019
המעפילים 8,3.0,1,63.0,1110000.0,4,6,2019
הרב קוק 14,2.0,3,44.0,800000.0,4,6,2019
הרב קוק 31,3.0,1,50.0,990000.0,3,6,2019
המעפילים 44,2.0,3,42.0,950000.0,30,5,2019
הרב מימון 21,2.0,1,42.0,850000.0,30,5,2019
המעפילים 26,3.0,4,64.0,980000.0,30,5,2019
שבי ציון 37,3.0,5,66.0,1085000.0,28,5,2019
קבוץ גלויות 31,2.0,2,39.0,815000.0,26,5,2019
אייל 3,1.5,0,28.0,1370000.0,15,5,2019
שבי ציון 43,3.0,5,66.0,1135000.0,13,5,2019
קבוץ גלויות 8,3.0,1,58.0,1095000.0,18,4,2019
המעפילים 34,2.5,2,39.0,800000.0,18,4,2019
הרב הרצוג 3,2.0,3,39.0,810000.0,17,4,2019
קבוץ גלויות 11,2.0,1,39.0,840000.0,15,4,2019
המעפילים 62,3.5,4,78.0,1150000.0,15,4,2019
הרב קוק 29,3.0,1,54.0,340000.0,11,4,2019
שבי ציון 32,4.0,6,89.0,1160000.0,31,3,2019
המעפילים 1,3.0,3,79.0,890000.0,30,3,2019
אבן גבירול 2,2.0,2,49.0,720000.0,28,3,2019
המעפילים 11,3.0,3,54.0,1300000.0,26,3,2019
המעפילים 24,2.0,1,39.0,975000.0,26,3,2019
הרב מימון 7,2.0,1,39.0,682000.0,26,3,2019
הרב מימון 27,2.0,3,42.0,850000.0,18,3,2019
הרב הרצוג 3,2.0,0,39.0,840000.0,18,3,2019
הרב קוק 21,2.5,4,40.0,700000.0,15,3,2019
קבוץ גלויות 20,3.0,1,59.0,1080000.0,14,3,2019
אבן גבירול 11,2.0,2,39.0,800000.0,10,3,2019
הרב מימון 15,2.0,0,39.0,900000.0,5,3,2019
המעפילים 1,3.0,1,96.0,1100000.0,5,3,2019
המעפילים 52,3.0,2,58.0,909000.0,26,2,2019
יוספטל 8,5.0,2,112.0,1150000.0,26,2,2019
זמיר 3,3.0,0,79.0,1860000.0,26,2,2019
הרב קוק 29,2.5,8,54.0,980000.0,25,2,2019
שבי ציון 39,3.0,6,76.0,1133000.0,25,2,2019
אבן גבירול 27,2.0,2,39.0,359000.0,24,2,2019
המעפילים 34,2.5,3,39.0,870000.0,21,2,2019
הרב קוק 31,3.0,4,93.0,950000.0,19,2,2019
המעפילים 22,2.5,2,39.0,1000000.0,13,2,2019
אבן גבירול 2,2.5,2,49.0,845000.0,12,2,2019
קבוץ גלויות 18,2.0,0,42.0,860000.0,12,2,2019
"רמב""ם 2",4.0,0,79.0,1100000.0,11,2,2019
יורדי הסירה 6,3.0,3,55.0,930000.0,7,2,2019
סולד הנריטה 4,2.0,2,39.0,760000.0,27,1,2019
המעפילים 62,3.0,1,59.0,1250000.0,22,1,2019
יורדי הסירה 6,3.0,4,50.0,980000.0,21,1,2019
יורדי הסירה 12,3.0,2,53.0,1200000.0,21,1,2019
שבי ציון 37,3.0,6,76.0,1130000.0,20,1,2019
אבן גבירול 2,2.0,3,49.0,745000.0,16,1,2019
אבן גבירול 19,2.0,2,39.0,498000.0,15,1,2019
הרב קוק 33,3.0,2,50.0,1090000.0,15,1,2019
בורוכוב 18,2.0,1,39.0,920000.0,14,1,2019
יצחק שדה 2,3.0,0,60.0,1245000.0,14,1,2019
המעפילים 30,2.0,0,39.0,511000.0,13,1,2019
הרב קוק 45,4.0,6,117.0,1380000.0,8,1,2019
המעפילים 13,3.0,4,54.0,900000.0,3,1,2019
הרב מימון 3,4.0,0,79.0,1200000.0,31,12,2018
"רמב""ם 10",2.0,0,39.0,810000.0,31,12,2018
קבוץ גלויות 8,3.0,3,61.0,1080000.0,29,12,2018
המעפילים 40,2.0,2,42.0,840000.0,25,12,2018
המעפילים 36,2.0,1,39.0,990000.0,24,12,2018
הרב מימון 11,2.5,0,42.0,970000.0,23,12,2018
המעפילים 6,3.0,4,63.0,1050000.0,23,12,2018
הרב הרצוג 3,2.0,1,39.0,735000.0,18,12,2018
הרב קוק 12,2.0,0,44.0,481000.0,16,12,2018
הרב הרצוג 18,2.0,1,39.0,831000.0,10,12,2018
סולד הנריטה 4,2.0,0,39.0,401000.0,9,12,2018
יורדי הסירה 12,4.0,4,86.0,700000.0,5,12,2018
הרב קוק 19,3.0,4,54.0,820000.0,29,11,2018
המעפילים 11,3.0,3,54.0,1070000.0,28,11,2018
המעפילים 2,4.0,6,87.0,1280000.0,27,11,2018
הרב קוק 3,4.0,6,93.0,1000000.0,20,11,2018
יוספטל 5,2.5,2,65.0,1000000.0,15,11,2018
המעפילים 2,4.0,2,63.0,1190000.0,15,11,2018
המעפילים 9,4.0,1,80.0,1230000.0,13,11,2018
יוספטל 23,2.0,0,36.0,792000.0,11,11,2018
הרב קוק 14,2.0,0,44.0,943000.0,6,11,2018
הרב קוק 47,3.0,4,54.0,757000.0,5,11,2018
אבן גבירול 21,3.0,0,54.0,165000.0,1,11,2018
המעפילים 22,2.0,1,39.0,389000.0,1,11,2018
המעפילים 1,3.0,6,95.0,865000.0,31,10,2018
המעפילים 3,3.0,1,68.0,1160000.0,31,10,2018
המעפילים 4,3.0,4,63.0,980000.0,30,10,2018
הרב הרצוג 3,2.5,3,39.0,750000.0,24,10,2018
סולד הנריטה 4,2.0,0,39.0,850000.0,23,10,2018
קבוץ גלויות 37,2.0,2,39.0,855000.0,3,10,2018
יוספטל 17,4.0,1,74.0,1400000.0,16,9,2018
"רמב""ם 2",4.0,0,63.0,1040000.0,5,9,2018
הרב קוק 43,3.0,4,51.0,1080000.0,4,9,2018
אבן גבירול 2,2.0,2,49.0,700000.0,3,9,2018
הרב קוק 17,3.0,3,56.0,890000.0,2,9,2018
"רמב""ם 2",3.0,2,65.0,1010000.0,31,8,2018
הרב קוק 39,3.0,4,54.0,1360000.0,31,8,2018
המעפילים 1,3.0,4,63.0,985000.0,28,8,2018
המעפילים 36,2.5,1,39.0,947000.0,26,8,2018
אבן גבירול 19,2.0,2,39.0,275000.0,19,8,2018
אבן גבירול 2,2.0,0,49.0,488000.0,14,8,2018
אבן גבירול 18,2.0,0,36.0,1050000.0,12,8,2018
בורוכוב 4,2.0,0,39.0,493000.0,12,8,2018
הרב קוק 19,3.0,7,54.0,1030000.0,9,8,2018
שבי ציון 32,4.0,5,89.0,1000000.0,6,8,2018
הרב קוק 5,3.0,2,63.0,850000.0,3,8,2018
"רמב""ם 5",2.0,2,52.0,945000.0,30,7,2018
קבוץ גלויות 31,2.0,1,39.0,825000.0,25,7,2018
הרב קוק 45,4.0,6,75.0,1360000.0,18,7,2018
הרב קוק 47,3.0,6,54.0,1040000.0,17,7,2018
הרב קוק 39,3.0,8,54.0,1370000.0,11,7,2018
הרב קוק 39,3.0,4,54.0,1160000.0,9,7,2018
הרב קוק 39,3.0,3,54.0,517000.0,8,7,2018
בורוכוב 8,3.0,0,70.0,840000.0,4,7,2018
סטרומה 7,3.0,3,68.0,1160000.0,2,7,2018
המעפילים 2,4.0,1,97.0,1350000.0,2,7,2018
המעפילים 34,2.5,3,39.0,960000.0,29,6,2018
יורדי הסירה 2,3.0,1,33.0,1080000.0,27,6,2018
שבי ציון 37,3.0,2,68.0,1190000.0,21,6,2018
המעפילים 20,2.0,0,39.0,800000.0,17,6,2018
יוספטל 6,3.0,4,68.0,970000.0,12,6,2018
הרב מימון 7,2.0,0,39.0,800000.0,12,6,2018
הרב קוק 17,3.0,0,56.0,600000.0,10,6,2018
המעפילים 62,4.0,6,110.0,1350000.0,7,6,2018
קבוץ גלויות 4,3.0,1,60.0,900000.0,4,6,2018
שבי ציון 32,3.0,5,69.0,800000.0,1,6,2018
יוספטל 6,3.0,3,68.0,1020000.0,1,6,2018
אבן גבירול 15,3.0,3,54.0,935000.0,24,5,2018
הרב קוק 35,3.0,4,55.0,925000.0,21,5,2018
שבי ציון 41,3.0,5,66.0,1244000.0,17,5,2018
הרב הרצוג 3,2.0,0,39.0,848000.0,14,5,2018
אבן גבירול 15,3.0,3,54.0,920000.0,9,5,2018
"רמב""ם 2",3.0,2,65.0,1200000.0,6,5,2018
הרב מימון 23,2.0,1,39.0,596000.0,6,5,2018
אבן גבירול 15,2.5,2,54.0,930000.0,16,4,2018
המעפילים 62,4.0,2,110.0,1250000.0,10,4,2018
המעפילים 56,3.0,3,58.0,1040000.0,10,4,2018
"רמב""ם 5",2.5,4,52.0,870000.0,21,3,2018
אבן גבירול 7,2.0,0,39.0,820000.0,15,3,2018
הרב קוק 47,3.0,4,54.0,990000.0,12,3,2018
הרב קוק 39,3.0,4,54.0,1350000.0,25,2,2018
קבוץ גלויות 27,2.0,2,51.0,800000.0,20,2,2018
הרב מימון 7,2.0,1,39.0,850000.0,19,2,2018
הרב קוק 14,2.0,3,44.0,770000.0,12,2,2018
הרב קוק 29,3.0,2,54.0,990000.0,11,2,2018
הרב קוק 29,3.0,2,54.0,1040000.0,7,2,2018
בורוכוב 22,3.0,2,59.0,935000.0,6,2,2018
קבוץ גלויות 18,2.0,2,42.0,845000.0,4,2,2018
המעפילים 62,4.0,6,110.0,1340000.0,4,2,2018
קבוץ גלויות 9,2.0,1,39.0,137000.0,1,2,2018
קבוץ גלויות 19,3.0,0,53.0,1000000.0,1,2,2018
קבוץ גלויות 33,3.0,3,51.0,700000.0,1,2,2018
המעפילים 4,3.0,2,63.0,1010000.0,29,1,2018
יורדי הסירה 6,3.0,4,50.0,960000.0,28,1,2018
הרב קוק 45,4.0,5,90.0,1348000.0,22,1,2018
הרב קוק 41,3.0,4,79.0,1130000.0,22,1,2018
אבן גבירול 12,2.0,0,36.0,1030000.0,17,1,2018
"רמב""ם 16",2.0,1,42.0,900000.0,16,1,2018
אבן גבירול 7,2.0,2,39.0,800000.0,11,1,2018
הרב קוק 17,3.0,3,56.0,830000.0,9,1,2018
אבן גבירול 2,2.5,3,49.0,820000.0,4,1,2018
הרב קוק 3,3.0,4,63.0,1125000.0,4,1,2018
הרב קוק 45,4.0,6,102.0,1348000.0,3,1,2018
הרב קוק 14,2.0,3,44.0,700000.0,28,12,2017
יוספטל 6,3.0,2,80.0,900000.0,25,12,2017
קבוץ גלויות 6,3.0,1,66.0,1000000.0,20,12,2017
שבי ציון 32,3.0,7,69.0,970000.0,19,12,2017
הרב קוק 39,3.0,3,54.0,1330000.0,18,12,2017
קבוץ גלויות 27,3.0,2,72.0,1100000.0,17,12,2017
אבן גבירול 23,3.0,3,54.0,970000.0,14,12,2017
"רמב""ם 10",2.0,2,39.0,283000.0,12,12,2017
מקלנבורג 4,3.0,0,54.0,485000.0,12,12,2017
המעפילים 44,2.0,1,42.0,870000.0,12,12,2017
בורוכוב 12,2.0,0,39.0,900000.0,12,12,2017
הרב קוק 39,3.0,2,54.0,330000.0,10,12,2017
"רמב""ם 10",2.0,0,39.0,492000.0,10,12,2017
קבוץ גלויות 6,3.0,4,60.0,1070000.0,8,12,2017
הרב קוק 29,3.0,6,54.0,990000.0,6,12,2017
הרב קוק 41,4.0,5,78.0,1300000.0,5,12,2017
הרב קוק 14,2.0,3,44.0,729000.0,5,12,2017
המעפילים 6,3.0,4,63.0,1200000.0,29,11,2017
הרב הרצוג 3,2.0,2,39.0,750000.0,27,11,2017
מקלנבורג 8,2.0,0,44.0,435000.0,26,11,2017
הרב קוק 39,3.0,7,54.0,1320000.0,26,11,2017
בורוכוב 20,2.0,2,39.0,343000.0,21,11,2017
אבן גבירול 2,2.0,1,49.0,572000.0,21,11,2017
הרב קוק 17,3.0,2,56.0,950000.0,19,11,2017
הרב קוק 17,3.0,1,56.0,904000.0,16,11,2017
קבוץ גלויות 39,3.0,1,72.0,1080000.0,15,11,2017
סטרומה 7,3.0,1,68.0,1130000.0,13,11,2017
אבן גבירול 1,4.0,7,98.0,1450000.0,6,11,2017
הרב קוק 29,3.0,4,54.0,1018000.0,6,11,2017
הרב קוק 39,3.0,3,54.0,1300000.0,5,11,2017
המעפילים 62,3.0,3,100.0,1500000.0,1,11,2017
אגדיר 9,2.0,0,42.0,820000.0,30,10,2017
אבן גבירול 21,3.0,2,54.0,429000.0,24,10,2017
הרב מימון 19,2.0,2,42.0,835000.0,24,10,2017
המעפילים 1,3.0,1,63.0,1060000.0,24,10,2017
יצחק שדה 2,2.0,3,52.0,750000.0,22,10,2017
המעפילים 2,4.0,6,97.0,1150000.0,22,10,2017
הרב קוק 17,3.0,3,56.0,930000.0,9,10,2017
הרב קוק 12,2.0,0,44.0,890000.0,28,9,2017
קבוץ גלויות 13,2.0,0,39.0,850000.0,27,9,2017
המעפילים 42,2.0,2,42.0,450000.0,19,9,2017
המעפילים 56,3.0,3,58.0,925000.0,19,9,2017
יצחק שדה 2,2.0,4,52.0,284000.0,12,9,2017
בורוכוב 18,2.0,1,39.0,596000.0,12,9,2017
הרב מימון 23,2.0,0,39.0,845000.0,10,9,2017
"רמב""ם 5",4.0,6,86.0,1150000.0,7,9,2017
המעפילים 7,4.0,7,102.0,1600000.0,6,9,2017
קבוץ גלויות 21,3.0,2,76.0,1100000.0,31,8,2017
המעפילים 6,3.0,1,63.0,1030000.0,29,8,2017
בורוכוב 22,3.0,1,59.0,960000.0,17,8,2017
הרב קוק 14,2.0,0,44.0,850000.0,13,8,2017
הרב מימון 25,2.5,3,42.0,815000.0,3,8,2017
סטרומה 7,4.0,5,90.0,1345000.0,31,7,2017
הרב קוק 29,3.0,5,54.0,341000.0,27,7,2017
אבן גבירול 9,2.0,1,39.0,1060000.0,23,7,2017
המעפילים 1,3.0,3,63.0,900000.0,19,7,2017
אבן גבירול 1,4.0,2,95.0,1250000.0,18,7,2017
יצחק שדה 2,2.0,4,52.0,750000.0,16,7,2017
המעפילים 15,4.0,5,103.0,1150000.0,14,7,2017
אגדיר 13,2.0,2,42.0,840000.0,10,7,2017
הרב מימון 23,2.0,2,39.0,600000.0,5,7,2017
קבוץ גלויות 39,3.0,1,72.0,1050000.0,4,7,2017
"רמב""ם 8",2.0,2,39.0,780000.0,3,7,2017
"רמב""ם 16",2.0,3,42.0,840000.0,27,6,2017
המעפילים 8,3.0,3,63.0,1020000.0,27,6,2017
קבוץ גלויות 8,3.0,1,58.0,799000.0,21,6,2017
הרב הרצוג 3,2.0,2,39.0,870000.0,21,6,2017
קבוץ גלויות 4,3.0,1,59.0,700000.0,14,6,2017
"רמב""ם 8",2.0,2,39.0,780000.0,13,6,2017
המעפילים 26,3.0,2,64.0,1050000.0,13,6,2017
המעפילים 13,3.0,2,54.0,1020000.0,11,6,2017
"רמב""ם 9",2.0,1,39.0,860000.0,4,6,2017
שבי ציון 41,4.0,3,74.0,1150000.0,4,6,2017
שבי ציון 39,3.5,3,66.0,1155000.0,4,6,2017
המעפילים 20,2.5,3,39.0,870000.0,28,5,2017
אבן גבירול 19,2.5,1,39.0,800000.0,28,5,2017
קבוץ גלויות 31,4.0,0,88.0,550000.0,24,5,2017
הרב קוק 33,3.0,4,50.0,1000000.0,23,5,2017
דרור 6,3.0,1,75.0,1900000.0,22,5,2017
יוספטל 5,2.0,2,49.0,920000.0,19,5,2017
המעפילים 7,5.0,1,104.0,1300000.0,18,5,2017
סולד הנריטה 4,2.0,1,39.0,825000.0,16,5,2017
המעפילים 58,3.0,3,50.0,1270000.0,15,5,2017
המעפילים 7,5.0,6,104.0,1320000.0,14,5,2017
אבן גבירול 18,2.0,0,36.0,309000.0,7,5,2017
הרב קוק 29,3.0,4,54.0,850000.0,1,5,2017
הרב קוק 25,2.0,4,40.0,930000.0,27,4,2017
המעפילים 7,5.0,5,104.0,1350000.0,26,4,2017
הרב מימון 7,2.0,2,39.0,284000.0,18,4,2017
שבי ציון 39,3.0,3,68.0,1065000.0,12,4,2017
קבוץ גלויות 4,2.0,3,42.0,324000.0,6,4,2017
הרב קוק 3,4.0,7,100.0,1300000.0,6,4,2017
אבן גבירול 23,3.0,1,54.0,920000.0,5,4,2017
הרב קוק 29,3.0,3,54.0,600000.0,4,4,2017
הרב מימון 15,2.0,1,39.0,481000.0,2,4,2017
הרב קוק 41,3.0,1,61.0,454000.0,28,3,2017
הרב קוק 17,3.0,3,56.0,960000.0,28,3,2017
קבוץ גלויות 14,2.0,2,42.0,680000.0,19,3,2017
הרב קוק 21,2.0,2,40.0,720000.0,16,3,2017
קבוץ גלויות 8,3.0,2,58.0,1000000.0,8,3,2017
"רמב""ם 2",3.0,2,66.0,1050000.0,8,3,2017
אגדיר 5,2.5,0,42.0,800000.0,28,2,2017
קבוץ גלויות 18,3.0,0,74.0,950000.0,27,2,2017
הרב קוק 15,3.5,3,64.0,1080000.0,27,2,2017
הרב קוק 3,3.0,3,63.0,1050000.0,16,2,2017
המעפילים 34,2.0,0,39.0,429000.0,14,2,2017
יצחק שדה 7,4.0,0,88.0,1000000.0,8,2,2017
הרב מימון 18,4.0,0,99.0,900000.0,5,2,2017
יצחק שדה 2,2.0,1,52.0,600000.0,1,2,2017
בורוכוב 18,3.0,0,59.0,700000.0,31,1,2017
קבוץ גלויות 13,2.0,0,39.0,844000.0,23,1,2017
הרב קוק 3,3.0,3,63.0,1020000.0,22,1,2017
המעפילים 6,3.0,1,63.0,1050000.0,22,1,2017
המעפילים 1,3.0,2,63.0,700000.0,16,1,2017
המעפילים 44,2.0,3,42.0,425000.0,15,1,2017
קבוץ גלויות 12,2.0,0,42.0,305000.0,15,1,2017
ילין דוד 4,4.0,0,108.0,1375000.0,9,1,2017
הרב קוק 39,3.0,2,54.0,1050000.0,5,1,2017
קבוץ גלויות 21,3.0,1,76.0,1100000.0,4,1,2017
קבוץ גלויות 14,3.0,0,66.0,900000.0,1,1,2017
המעפילים 26,3.0,1,64.0,1000000.0,1,1,2017
שבי ציון 39,3.0,1,78.0,1095000.0,1,1,2017
הרב קוק 19,3.0,3,54.0,700000.0,29,12,2016
הרב מימון 5,4.0,1,85.0,1446000.0,28,12,2016
סטרומה 7,3.0,2,68.0,960000.0,26,12,2016
המעפילים 58,3.0,3,50.0,335000.0,25,12,2016
הרב מימון 27,2.0,2,42.0,860000.0,22,12,2016
הרב קוק 12,2.0,3,44.0,800000.0,21,12,2016
אבן גבירול 25,3.0,2,54.0,920000.0,16,12,2016
הרב קוק 14,2.0,0,44.0,835000.0,15,12,2016
המעפילים 6,3.0,3,63.0,920000.0,13,12,2016
הרב מימון 13,2.0,1,42.0,600000.0,12,12,2016
יוספטל 9,2.0,0,49.0,1060000.0,8,12,2016
הרב מימון 11,1.0,0,36.0,374000.0,4,12,2016
"רמב""ם 11",2.0,1,39.0,800000.0,1,12,2016
הרב קוק 43,3.0,1,55.0,950000.0,24,11,2016
"רמב""ם 14",2.0,3,42.0,700000.0,24,11,2016
שבי ציון 32,4.0,5,89.0,1240000.0,22,11,2016
הרב קוק 25,2.0,4,40.0,805000.0,21,11,2016
מקלנבורג 8,2.0,1,44.0,465000.0,8,11,2016
הרב מימון 1,2.0,1,42.0,850000.0,3,11,2016
אבן גבירול 9,2.0,0,39.0,445000.0,30,10,2016
"רמב""ם 5",2.5,4,52.0,885000.0,10,10,2016
הרב קוק 12,2.5,2,44.0,840000.0,10,10,2016
המעפילים 60,3.0,4,56.0,925000.0,29,9,2016
הרב קוק 47,3.0,1,54.0,850000.0,28,9,2016
סטרומה 7,3.0,3,68.0,1240000.0,27,9,2016
יורדי הסירה 12,2.5,4,50.0,890000.0,23,9,2016
המעפילים 30,2.0,2,39.0,600000.0,22,9,2016
יוספטל 8,3.0,2,68.0,1075000.0,21,9,2016
הרב קוק 13,3.0,4,63.0,880000.0,19,9,2016
אבן גבירול 19,2.0,2,39.0,725000.0,15,9,2016
אבן גבירול 27,2.0,2,39.0,257000.0,8,9,2016
המעפילים 30,2.0,1,39.0,600000.0,8,9,2016
המעפילים 6,3.0,1,63.0,1020000.0,1,9,2016
יוספטל 5,3.0,1,65.0,850000.0,23,8,2016
קבוץ גלויות 9,2.0,0,39.0,1390000.0,16,8,2016
מקלנבורג 10,2.0,1,44.0,930000.0,11,8,2016
קבוץ גלויות 14,2.0,2,42.0,840000.0,5,8,2016
יוספטל 9,2.0,3,49.0,700000.0,31,7,2016
המעפילים 9,4.0,3,80.0,1090000.0,28,7,2016
הרב מימון 13,2.5,3,42.0,800000.0,24,7,2016
הרב קוק 31,3.0,1,50.0,890000.0,21,7,2016
שבי ציון 32,3.0,3,69.0,950000.0,14,7,2016
הרב קוק 5,3.0,4,63.0,750000.0,7,7,2016
המעפילים 56,3.0,3,58.0,900000.0,6,7,2016
המעפילים 15,3.0,3,84.0,1070000.0,5,7,2016
הרב מימון 25,2.0,2,42.0,765000.0,5,7,2016
קבוץ גלויות 18,2.0,1,42.0,800000.0,3,7,2016
אבן גבירול 9,2.0,2,39.0,780000.0,30,6,2016
מקלנבורג 8,2.5,0,44.0,800000.0,30,6,2016
הרב קוק 19,3.0,2,54.0,1000000.0,30,6,2016
אגדיר 9,2.0,2,42.0,742000.0,13,6,2016
יוספטל 10,3.0,4,68.0,930000.0,13,6,2016
אגדיר 9,2.5,2,42.0,700000.0,8,6,2016
המעפילים 52,3.0,2,58.0,316000.0,7,6,2016
בורוכוב 22,3.0,0,59.0,820000.0,5,6,2016
קבוץ גלויות 39,3.0,3,74.0,865000.0,5,6,2016
הרב קוק 22,4.0,0,87.0,1275000.0,2,6,2016
קבוץ גלויות 25,2.0,2,39.0,750000.0,2,6,2016
יורדי הסירה 8,3.0,4,64.0,890000.0,1,6,2016
הרב קוק 12,2.0,3,44.0,800000.0,26,5,2016
הרב קוק 14,2.0,3,44.0,717000.0,26,5,2016
המעפילים 11,3.0,4,54.0,930000.0,23,5,2016
"רמב""ם 2",3.0,2,65.0,800000.0,23,5,2016
הרב קוק 12,2.0,0,44.0,323000.0,17,5,2016
קבוץ גלויות 17,2.0,3,51.0,300000.0,16,5,2016
הרב מימון 15,2.0,2,39.0,314000.0,15,5,2016
המעפילים 4,3.0,3,63.0,325000.0,15,5,2016
הרב קוק 14,2.0,2,44.0,356000.0,15,5,2016
הרב קוק 13,3.0,3,63.0,880000.0,11,5,2016
הרב קוק 14,2.5,0,44.0,760000.0,3,5,2016
הרב קוק 15,4.0,3,64.0,800000.0,20,4,2016
סטרומה 7,4.0,5,90.0,1140000.0,20,4,2016
המעפילים 9,4.0,6,105.0,1215000.0,18,4,2016
הרב קוק 39,3.0,1,54.0,910000.0,10,4,2016
המעפילים 22,2.0,2,39.0,780000.0,6,4,2016
הרב קוק 14,2.0,2,44.0,850000.0,6,4,2016
מקלנבורג 10,2.0,2,44.0,720000.0,3,4,2016
יוספטל 12,3.0,2,68.0,920000.0,31,3,2016
המעפילים 2,4.0,5,100.0,1080000.0,28,3,2016
סטרומה 7,3.0,4,80.0,1205000.0,28,3,2016
המעפילים 15,4.0,6,93.0,1200000.0,27,3,2016
הרב קוק 39,3.0,7,54.0,950000.0,17,3,2016
סטרומה 7,5.0,6,105.0,1250000.0,14,3,2016
ילין דוד 2,4.0,0,85.0,1315000.0,3,3,2016
קבוץ גלויות 13,2.0,0,39.0,810000.0,28,2,2016
המעפילים 2,4.0,5,100.0,1210000.0,28,2,2016
בורוכוב 22,3.5,0,59.0,912000.0,25,2,2016
אבן גבירול 7,2.0,2,39.0,733000.0,24,2,2016
המעפילים 15,4.0,6,83.0,1185000.0,23,2,2016
המעפילים 2,4.0,5,100.0,1100000.0,17,2,2016
המעפילים 2,4.0,2,100.0,1100000.0,16,2,2016
המעפילים 58,3.0,4,49.0,895000.0,15,2,2016
מקלנבורג 6,2.5,1,54.0,825000.0,9,2,2016
הרב מימון 7,2.0,1,39.0,700000.0,8,2,2016
קבוץ גלויות 14,2.0,2,42.0,795000.0,1,2,2016
המעפילים 5,3.0,3,68.0,1200000.0,28,1,2016
יורדי הסירה 2,3.0,2,53.0,935000.0,25,1,2016
סולד הנריטה 4,2.0,2,39.0,217000.0,14,1,2016
"רמב""ם 11",2.0,0,39.0,700000.0,12,1,2016
מקלנבורג 10,2.0,1,44.0,394000.0,5,1,2016
הרב הרצוג 3,2.0,1,39.0,630000.0,4,1,2016
ילין דוד 4,2.0,1,36.0,750000.0,4,1,2016
קבוץ גלויות 21,3.0,3,76.0,840000.0,31,12,2015
המעפילים 54,3.5,3,58.0,852000.0,30,12,2015
בורוכוב 22,3.0,1,59.0,940000.0,29,12,2015
המעפילים 7,4.0,2,100.0,1240000.0,24,12,2015
"רמב""ם 12",2.0,3,42.0,720000.0,23,12,2015
העופרים 5,2.0,0,28.0,1220000.0,20,12,2015
המעפילים 15,4.0,5,83.0,1100000.0,16,12,2015
הרב קוק 29,3.0,6,54.0,297000.0,13,12,2015
הרב קוק 14,2.0,3,44.0,680000.0,10,12,2015
הלביאה 3,3.0,0,83.0,750000.0,8,12,2015
המעפילים 2,3.0,1,63.0,970000.0,6,12,2015
הרב קוק 14,2.5,1,44.0,580000.0,6,12,2015
הרב קוק 29,3.0,1,54.0,840000.0,3,12,2015
המעפילים 15,4.0,5,86.0,1120000.0,2,12,2015
שבי ציון 32,3.0,3,69.0,910000.0,30,11,2015
"רמב""ם 11",2.5,2,39.0,650000.0,29,11,2015
הרב קוק 29,3.0,5,54.0,800000.0,19,11,2015
יוספטל 9,2.5,3,49.0,750000.0,17,11,2015
המעפילים 15,4.0,5,83.0,950000.0,12,11,2015
הרב הרצוג 13,2.5,1,42.0,745000.0,10,11,2015
"רמב""ם 12",2.0,0,42.0,730000.0,10,11,2015
מקלנבורג 6,3.0,3,54.0,790000.0,3,11,2015
המעפילים 26,3.0,3,64.0,975000.0,2,11,2015
יוספטל 5,3.0,2,65.0,400000.0,1,11,2015
הרב קוק 39,3.0,2,54.0,970000.0,29,10,2015
המעפילים 54,4.0,3,92.0,988000.0,26,10,2015
הרב קוק 17,3.0,3,56.0,680000.0,19,10,2015
המעפילים 18,2.0,3,44.0,231000.0,18,10,2015
"רמב""ם 10",2.0,0,39.0,725000.0,18,10,2015
יורדי הסירה 12,4.0,3,90.0,950000.0,13,10,2015
המעפילים 15,4.0,7,88.0,1100000.0,13,10,2015
סולד הנריטה 4,2.0,1,39.0,600000.0,10,9,2015
המעפילים 15,4.0,7,88.0,1140000.0,10,9,2015
קבוץ גלויות 17,2.0,1,51.0,750000.0,9,9,2015
אבן גבירול 1,3.0,3,55.0,640000.0,8,9,2015
המעפילים 15,4.0,6,90.0,1110000.0,8,9,2015
הרב קוק 12,2.0,3,44.0,232000.0,3,9,2015
אבן גבירול 13,2.0,2,39.0,547000.0,26,8,2015
"רמב""ם 14",2.0,3,42.0,600000.0,24,8,2015
אבן גבירול 9,2.0,1,39.0,900000.0,20,8,2015
"רמב""ם 12",2.0,1,42.0,692000.0,19,8,2015
קבוץ גלויות 6,2.0,4,42.0,680000.0,18,8,2015
"רמב""ם 10",3.0,1,79.0,1100000.0,11,8,2015
הרב קוק 29,3.0,5,54.0,850000.0,10,8,2015
הרב קוק 35,3.0,2,55.0,800000.0,10,8,2015
המעפילים 36,2.0,3,39.0,211000.0,9,8,2015
אבן גבירול 1,3.0,4,60.0,840000.0,6,8,2015
קבוץ גלויות 6,3.5,4,59.0,740000.0,5,8,2015
המעפילים 44,2.0,2,42.0,770000.0,30,7,2015
אבן גבירול 20,2.0,1,36.0,700000.0,30,7,2015
אבן גבירול 21,3.0,3,54.0,675000.0,27,7,2015
אבן גבירול 9,4.0,0,78.0,1700000.0,22,7,2015
הרב הרצוג 3,2.0,2,39.0,390000.0,15,7,2015
אבן גבירול 16,3.0,0,68.0,805000.0,15,7,2015
יורדי הסירה 2,3.0,3,50.0,720000.0,5,7,2015
קבוץ גלויות 8,3.0,1,67.0,900000.0,24,6,2015
הרב קוק 19,3.0,4,54.0,830000.0,23,6,2015
הרב הרצוג 15,2.0,3,42.0,430000.0,22,6,2015
המעפילים 42,2.0,3,42.0,580000.0,22,6,2015
אבן גבירול 11,2.0,2,39.0,600000.0,21,6,2015
המעפילים 42,2.0,1,42.0,700000.0,21,6,2015
הרב קוק 22,5.0,0,117.0,1130000.0,21,6,2015
בורוכוב 22,3.0,1,59.0,780000.0,21,6,2015
"רמב""ם 10",2.0,2,39.0,700000.0,15,6,2015
שבי ציון 32,3.0,2,69.0,900000.0,15,6,2015
הרב קוק 19,3.0,2,54.0,780000.0,15,6,2015
בורוכוב 12,2.0,0,39.0,714000.0,3,6,2015
"רמב""ם 11",2.0,0,39.0,710000.0,26,5,2015
המעפילים 18,2.5,1,44.0,550000.0,21,5,2015
יוספטל 10,4.0,2,80.0,840000.0,21,5,2015
אבן גבירול 9,2.0,2,39.0,770000.0,20,5,2015
המעפילים 28,2.0,3,39.0,388000.0,19,5,2015
הראם 3,4.0,0,91.0,1500000.0,17,5,2015
המעפילים 60,3.0,3,50.0,800000.0,14,5,2015
דרור 3,4.0,0,91.0,1200000.0,14,5,2015
אבן גבירול 2,2.0,0,49.0,253000.0,12,5,2015
המעפילים 11,3.0,4,54.0,900000.0,11,5,2015
בורוכוב 8,3.0,0,64.0,760000.0,11,5,2015
אגדיר 5,2.0,2,42.0,690000.0,7,5,2015
"רמב""ם 2",3.0,2,65.0,785000.0,7,5,2015
אבן גבירול 16,2.0,0,36.0,227000.0,28,4,2015
הרב קוק 5,3.0,4,72.0,730000.0,28,4,2015
קבוץ גלויות 27,2.0,3,51.0,707000.0,26,4,2015
סולד הנריטה 4,2.0,0,39.0,211000.0,22,4,2015
יוספטל 6,3.0,4,68.0,750000.0,19,4,2015
המעפילים 22,2.0,3,39.0,550000.0,15,4,2015
אבן גבירול 11,2.0,0,39.0,650000.0,30,3,2015
יורדי הסירה 2,3.0,4,50.0,669000.0,25,3,2015
ילין דוד 8,2.0,1,36.0,600000.0,24,3,2015
המעפילים 30,2.0,3,39.0,197000.0,22,3,2015
המעפילים 22,2.0,0,39.0,630000.0,17,3,2015
קבוץ גלויות 33,4.0,2,71.0,770000.0,16,3,2015
הרב קוק 5,3.0,4,63.0,750000.0,15,3,2015
יוספטל 9,3.0,1,67.0,500000.0,9,3,2015
קבוץ גלויות 16,2.0,1,42.0,711000.0,8,3,2015
המעפילים 6,3.0,3,63.0,780000.0,4,3,2015
יוספטל 15,2.0,1,36.0,650000.0,1,3,2015
הרב קוק 22,2.0,2,44.0,625000.0,27,2,2015
יוספטל 13,2.0,0,36.0,680000.0,26,2,2015
יורדי הסירה 6,2.0,4,52.0,720000.0,26,2,2015
המעפילים 28,2.0,1,39.0,295000.0,25,2,2015
המעפילים 30,2.0,3,39.0,206000.0,24,2,2015
יורדי הסירה 12,3.0,1,33.0,740000.0,23,2,2015
הרב קוק 23,2.0,4,40.0,645000.0,13,2,2015
המעפילים 52,3.0,3,58.0,715000.0,12,2,2015
המעפילים 22,2.0,1,39.0,500000.0,12,2,2015
אגדיר 13,2.0,2,42.0,625000.0,5,2,2015
מקלנבורג 6,3.0,3,54.0,550000.0,3,2,2015
אבן גבירול 27,2.0,0,39.0,630000.0,26,1,2015
הרב קוק 5,3.0,3,64.0,760000.0,26,1,2015
יוספטל 19,2.0,0,36.0,400000.0,22,1,2015
הרב מימון 13,2.5,1,42.0,562000.0,20,1,2015
"רמב""ם 16",2.0,1,42.0,1050000.0,18,1,2015
הרב קוק 39,3.0,6,54.0,800000.0,13,1,2015
קבוץ גלויות 13,2.0,2,39.0,600000.0,11,1,2015
המעפילים 18,2.0,3,44.0,700000.0,8,1,2015
הרב קוק 29,3.0,7,54.0,760000.0,7,1,2015
אגדיר 5,2.0,1,42.0,595000.0,1,1,2015
הרב קוק 22,2.5,1,44.0,650000.0,1,1,2015
המעפילים 24,2.5,3,39.0,645000.0,29,12,2014
הרב קוק 12,2.0,0,44.0,640000.0,25,12,2014
הרב מימון 21,2.0,3,42.0,600000.0,16,12,2014
הרב מימון 17,2.0,1,42.0,276000.0,8,12,2014
אבן גבירול 25,3.0,0,54.0,720000.0,8,12,2014
אבן גבירול 11,2.0,1,39.0,640000.0,7,12,2014
קבוץ גלויות 11,2.0,1,39.0,630000.0,5,12,2014
הרב מימון 13,2.0,2,42.0,570000.0,4,12,2014
הרב קוק 35,2.0,4,50.0,720000.0,2,12,2014
הרב מימון 27,2.0,3,42.0,645000.0,30,11,2014
הרב קוק 19,3.0,3,54.0,770000.0,23,11,2014
המעפילים 24,2.0,1,39.0,625000.0,13,11,2014
יוספטל 4,2.0,4,38.0,570000.0,10,11,2014
"רמב""ם 14",2.0,2,42.0,630000.0,9,11,2014
יוספטל 9,2.5,2,49.0,635000.0,3,11,2014
"רמב""ם 2",3.0,3,66.0,642000.0,21,10,2014
אבן גבירול 7,2.0,1,39.0,610000.0,20,10,2014
המעפילים 11,3.0,3,54.0,685000.0,13,10,2014
הרב קוק 12,2.0,3,44.0,530000.0,8,10,2014
הרב הרצוג 3,2.0,2,39.0,590000.0,7,10,2014
קבוץ גלויות 27,3.0,1,72.0,745000.0,7,10,2014
סטרומה 7,3.0,3,68.0,770000.0,6,10,2014
הרב הרצוג 18,2.5,1,39.0,620000.0,5,10,2014
אבן גבירול 27,2.0,1,39.0,210000.0,2,10,2014
המעפילים 28,2.0,3,39.0,211000.0,30,9,2014
המעפילים 36,2.0,1,39.0,570000.0,29,9,2014
"רמב""ם 5",2.0,2,52.0,615000.0,23,9,2014
הרב מימון 25,2.0,3,42.0,403000.0,14,9,2014
יורדי הסירה 2,3.0,3,49.0,665000.0,11,9,2014
המעפילים 9,3.0,1,68.0,740000.0,11,9,2014
קבוץ גלויות 33,3.5,1,71.0,867000.0,3,9,2014
שבי ציון 39,3.0,4,66.0,815000.0,3,9,2014
המעפילים 60,3.0,4,56.0,685000.0,24,8,2014
מקלנבורג 4,3.0,1,54.0,675000.0,19,8,2014
המעפילים 54,3.0,2,58.0,735000.0,7,8,2014
המעפילים 5,3.0,1,68.0,760000.0,22,7,2014
המעפילים 6,3.5,3,63.0,650000.0,20,7,2014
יוספטל 17,4.0,0,66.0,875000.0,9,7,2014
קבוץ גלויות 18,2.0,1,42.0,450000.0,9,7,2014
"רמב""ם 9",2.0,2,39.0,231000.0,6,7,2014
שבי ציון 39,3.0,6,68.0,900000.0,30,6,2014
יוספטל 9,2.0,1,49.0,223000.0,26,6,2014
מקלנבורג 10,4.0,0,68.0,726000.0,26,6,2014
בורוכוב 12,2.0,0,39.0,530000.0,22,6,2014
המעפילים 60,3.0,4,49.0,665000.0,19,6,2014
המעפילים 40,1.0,0,36.0,291000.0,17,6,2014
המעפילים 56,3.0,0,53.0,750000.0,9,6,2014
הרב קוק 33,3.0,4,50.0,650000.0,8,6,2014
אגדיר 13,2.5,1,42.0,700000.0,5,6,2014
יוספטל 6,4.0,4,80.0,680000.0,5,6,2014
הרב קוק 43,3.0,2,50.0,657000.0,29,5,2014
המעפילים 32,2.0,3,39.0,224000.0,27,5,2014
המעפילים 24,2.0,2,39.0,361000.0,26,5,2014
המעפילים 24,2.0,3,39.0,500000.0,24,5,2014
שבי ציון 39,3.0,1,76.0,750000.0,22,5,2014
יורדי הסירה 6,3.0,3,50.0,700000.0,16,5,2014
המעפילים 1,3.0,1,63.0,300000.0,14,5,2014
"רמב""ם 2",3.0,0,64.0,299998.0,13,5,2014
המעפילים 42,2.0,3,42.0,410000.0,13,5,2014
המעפילים 24,2.5,3,39.0,570000.0,12,5,2014
אגדיר 5,2.0,2,42.0,357000.0,11,5,2014
קבוץ גלויות 33,2.0,2,51.0,590000.0,8,5,2014
קבוץ גלויות 19,3.0,0,63.0,900000.0,1,5,2014
קבוץ גלויות 9,2.0,2,39.0,575000.0,28,4,2014
"רמב""ם 5",2.0,2,52.0,600000.0,26,3,2014
אבן גבירול 1,3.0,4,55.0,635000.0,26,3,2014
אבן גבירול 11,2.0,2,39.0,286000.0,23,3,2014
סולד הנריטה 4,2.0,0,39.0,610000.0,20,3,2014
המעפילים 40,2.0,2,42.0,206000.0,17,3,2014
המעפילים 22,2.0,0,39.0,640000.0,17,3,2014
אבן גבירול 23,3.0,2,54.0,604000.0,12,3,2014
קבוץ גלויות 31,2.0,1,39.0,608000.0,10,3,2014
הרב הרצוג 3,2.0,2,39.0,460000.0,10,3,2014
הרב קוק 39,3.0,6,54.0,745000.0,10,3,2014
המעפילים 22,2.0,0,39.0,625000.0,6,3,2014
יוספטל 9,3.0,2,67.0,665000.0,5,3,2014
קבוץ גלויות 17,2.0,1,51.0,700000.0,3,3,2014
הרב הרצוג 18,2.5,2,39.0,510000.0,25,2,2014
אבן גבירול 11,2.0,1,39.0,660000.0,20,2,2014
הרב מימון 7,2.0,0,39.0,595000.0,18,2,2014
"רמב""ם 2",3.0,3,66.0,620000.0,16,2,2014
שבי ציון 32,3.5,4,69.0,700000.0,13,2,2014
הרב הרצוג 18,2.0,1,39.0,565000.0,3,2,2014
דוכיפת 2,3.0,0,90.0,1049000.0,20,1,2014
אבן גבירול 15,3.0,1,54.0,660000.0,17,1,2014
אבן גבירול 1,3.0,4,70.0,685000.0,16,1,2014
"רמב""ם 9",2.5,1,39.0,552000.0,12,1,2014
קבוץ גלויות 11,2.5,2,39.0,575000.0,6,1,2014
המעפילים 1,3.0,1,63.0,550000.0,2,1,2014
יוספטל 5,3.0,1,65.0,700000.0,31,12,2013
"רמב""ם 9",4.0,2,78.0,1010000.0,29,12,2013
המעפילים 24,2.0,0,39.0,570000.0,19,12,2013
קבוץ גלויות 8,3.0,3,58.0,648000.0,18,12,2013
בורוכוב 12,2.0,1,39.0,500000.0,17,12,2013
"רמב""ם 14",2.0,2,42.0,500000.0,15,12,2013
המעפילים 40,2.0,0,42.0,595000.0,11,12,2013
מקלנבורג 4,3.0,1,54.0,550000.0,11,12,2013
המעפילים 15,3.0,4,54.0,750000.0,4,12,2013
המעפילים 28,2.0,2,39.0,575000.0,2,12,2013
הרב קוק 5,3.0,3,63.0,700000.0,2,12,2013
אגדיר 13,2.0,2,42.0,515000.0,24,11,2013
אגדיר 9,2.0,2,42.0,550000.0,21,11,2013
אבן גבירול 21,3.0,3,54.0,560000.0,19,11,2013
קבוץ גלויות 20,3.0,4,64.0,677000.0,18,11,2013
אבן גבירול 20,2.0,1,36.0,400000.0,17,11,2013
אגדיר 9,2.0,1,42.0,580000.0,17,11,2013
קבוץ גלויות 39,5.0,0,116.0,930000.0,14,11,2013
המעפילים 20,2.0,1,39.0,550000.0,11,11,2013
יורדי הסירה 2,2.5,4,50.0,555000.0,11,11,2013
"רמב""ם 2",3.0,2,65.0,850000.0,7,11,2013
הרב קוק 22,2.0,2,44.0,560000.0,7,11,2013
הרב מימון 15,2.0,0,39.0,530000.0,4,11,2013
קבוץ גלויות 8,3.0,3,58.0,717000.0,3,11,2013
קבוץ גלויות 8,3.0,1,58.0,400000.0,29,10,2013
יוספטל 19,2.0,1,36.0,350000.0,17,9,2013
קבוץ גלויות 4,3.0,1,68.0,665000.0,12,9,2013
קבוץ גלויות 16,2.0,1,42.0,580000.0,11,9,2013
המעפילים 10,3.0,4,63.0,630000.0,9,9,2013
המעפילים 54,3.0,3,58.0,650000.0,9,9,2013
הרב הרצוג 3,2.0,3,39.0,410000.0,3,9,2013
אבן גבירול 25,3.0,3,54.0,600000.0,3,9,2013
המעפילים 20,2.0,3,39.0,520000.0,28,8,2013
אבן גבירול 7,2.0,0,39.0,450000.0,26,8,2013
הרב הרצוג 13,2.0,2,42.0,500000.0,17,8,2013
המעפילים 32,2.0,3,39.0,540000.0,16,8,2013
המעפילים 10,3.5,3,63.0,720000.0,15,8,2013
"רמב""ם 10",2.0,1,39.0,540000.0,8,8,2013
יוספטל 6,3.0,1,68.0,735000.0,8,8,2013
בורוכוב 18,2.0,0,39.0,530000.0,30,7,2013
הרב קוק 13,3.0,1,63.0,610000.0,30,7,2013
קבוץ גלויות 18,2.0,1,42.0,545000.0,25,7,2013
קבוץ גלויות 14,4.5,1,67.0,610000.0,25,7,2013
יוספטל 21,3.0,0,74.0,1035000.0,17,7,2013
"רמב""ם 16",2.5,3,42.0,527000.0,10,7,2013
הרב מימון 29,2.0,3,42.0,540000.0,4,7,2013
הרב מימון 9,2.0,3,42.0,155000.0,3,7,2013
הרב הרצוג 19,2.5,1,42.0,480000.0,27,6,2013
הרב הרצוג 18,2.0,0,39.0,520000.0,27,6,2013
סולד הנריטה 4,2.5,1,39.0,510000.0,21,6,2013
אגדיר 13,2.0,1,42.0,470000.0,11,6,2013
אבן גבירול 14,2.0,0,36.0,520000.0,10,6,2013
המעפילים 8,3.0,3,63.0,250001.0,4,6,2013
אבן גבירול 16,2.0,1,36.0,455000.0,30,5,2013
המעפילים 22,2.0,2,39.0,595000.0,23,5,2013
המעפילים 11,3.0,1,54.0,635000.0,23,5,2013
אבן גבירול 22,2.0,1,36.0,470000.0,22,5,2013
הרב מימון 19,2.0,1,42.0,562000.0,20,5,2013
"רמב""ם 7",2.0,3,52.0,540000.0,19,5,2013
קבוץ גלויות 17,2.0,3,51.0,525000.0,17,5,2013
יצחק שדה 3,2.0,0,36.0,550000.0,16,5,2013
הרב מימון 9,2.0,2,42.0,510000.0,16,5,2013
המעפילים 30,2.0,3,39.0,425000.0,12,5,2013
קבוץ גלויות 13,2.0,2,39.0,477000.0,9,5,2013
הרב קוק 19,3.0,8,54.0,675000.0,9,5,2013
המעפילים 4,3.0,1,63.0,650000.0,9,5,2013
קבוץ גלויות 6,2.0,3,42.0,590000.0,8,5,2013
מקלנבורג 8,2.0,0,44.0,400000.0,6,5,2013
הרב הרצוג 19,2.0,3,42.0,389000.0,2,5,2013
יצחק שדה 2,2.0,3,52.0,520000.0,2,5,2013
קבוץ גלויות 33,5.0,0,105.0,1080000.0,2,5,2013
המעפילים 54,5.0,1,92.0,765000.0,1,5,2013
קבוץ גלויות 13,2.0,1,39.0,500000.0,30,4,2013
קבוץ גלויות 8,3.0,4,58.0,565000.0,28,4,2013
קבוץ גלויות 16,2.0,0,42.0,520000.0,21,4,2013
אבן גבירול 27,2.0,0,39.0,530000.0,21,4,2013
המעפילים 22,2.0,0,39.0,570000.0,17,4,2013
הרב קוק 3,4.0,4,63.0,602000.0,14,4,2013
שבי ציון 32,4.0,4,89.0,849000.0,11,4,2013
"רמב""ם 16",2.0,2,42.0,1100000.0,9,4,2013
אבן גבירול 2,2.0,1,49.0,515000.0,8,4,2013
הרב קוק 41,4.0,2,79.0,630000.0,17,3,2013
המעפילים 32,2.5,2,39.0,510000.0,13,3,2013
הרב קוק 14,2.0,0,44.0,580000.0,8,3,2013
יוספטל 9,2.0,2,49.0,260000.0,4,3,2013
שבי ציון 32,3.0,6,69.0,680000.0,27,2,2013
קבוץ גלויות 4,3.0,3,60.0,615000.0,26,2,2013
הרב קוק 39,3.0,6,54.0,730000.0,26,2,2013
המעפילים 34,2.5,3,39.0,490000.0,25,2,2013
"רמב""ם 2",4.0,0,63.0,700000.0,20,2,2013
יצחק שדה 2,2.0,2,52.0,530000.0,15,2,2013
המעפילים 22,2.0,3,39.0,520000.0,13,2,2013
שבי ציון 43,3.5,1,66.0,720000.0,10,2,2013
אבן גבירול 23,3.0,1,54.0,630000.0,29,1,2013
אבן גבירול 20,4.0,0,74.0,800000.0,23,1,2013
המעפילים 10,3.0,3,63.0,580000.0,21,1,2013
אגדיר 5,2.0,2,42.0,468000.0,15,1,2013
"רמב""ם 12",2.0,2,42.0,518000.0,14,1,2013
סולד הנריטה 4,2.5,0,39.0,530000.0,14,1,2013
ילין דוד 4,2.0,0,36.0,350000.0,13,1,2013
הרב קוק 19,3.0,6,54.0,750000.0,10,1,2013
יוספטל 4,2.0,2,38.0,510000.0,31,12,2012
"רמב""ם 14",2.5,2,42.0,570000.0,31,12,2012
יוספטל 9,2.5,2,49.0,570000.0,31,12,2012
הרב הרצוג 17,2.0,1,39.0,550000.0,30,12,2012
המעפילים 1,3.0,2,63.0,640000.0,27,12,2012
אבן גבירול 23,6.0,3,109.0,1000000.0,26,12,2012
אבן גבירול 23,3.0,3,54.0,573000.0,18,12,2012
הרב מימון 23,2.0,2,39.0,300000.0,9,12,2012
אבן גבירול 12,1.5,0,36.0,300000.0,1,12,2012
המעפילים 20,2.0,0,39.0,530000.0,29,11,2012
אבן גבירול 12,2.0,1,36.0,400000.0,27,11,2012
שבי ציון 39,3.0,1,77.0,750000.0,26,11,2012
הרב קוק 19,3.0,1,54.0,690000.0,22,11,2012
יורדי הסירה 8,3.0,4,64.0,570000.0,19,11,2012
המעפילים 10,3.0,3,63.0,720000.0,18,11,2012
קבוץ גלויות 18,2.0,2,42.0,439000.0,14,11,2012
הרב מימון 15,2.0,0,39.0,550000.0,12,11,2012
המעפילים 8,3.0,2,63.0,685000.0,5,11,2012
יוספטל 5,2.0,0,49.0,560000.0,5,11,2012
בורוכוב 12,2.0,1,39.0,485000.0,4,11,2012
הרב קוק 13,3.0,3,63.0,560000.0,1,11,2012
קבוץ גלויות 6,2.0,2,42.0,510000.0,30,10,2012
קבוץ גלויות 21,3.0,1,76.0,750000.0,28,10,2012
יוספטל 10,3.5,4,80.0,585000.0,23,10,2012
הרב קוק 29,3.0,8,54.0,660000.0,23,10,2012
קבוץ גלויות 39,3.0,3,72.0,562000.0,17,10,2012
אבן גבירול 24,2.0,1,36.0,460000.0,16,10,2012
הרב קוק 31,3.0,2,61.0,635000.0,14,10,2012
המעפילים 18,2.5,2,44.0,550000.0,11,10,2012
יוספטל 10,4.0,4,80.0,680000.0,11,10,2012
הרב קוק 29,3.0,8,54.0,580000.0,10,10,2012
מקלנבורג 4,3.0,2,54.0,600000.0,24,9,2012
המעפילים 34,2.0,2,39.0,455000.0,20,9,2012
הרב קוק 39,3.0,8,54.0,660000.0,12,9,2012
יורדי הסירה 6,3.0,1,33.0,845000.0,11,9,2012
המעפילים 22,2.0,3,39.0,600000.0,6,9,2012
קבוץ גלויות 12,2.5,1,42.0,520000.0,5,9,2012
המעפילים 20,2.0,3,39.0,530000.0,4,9,2012
"רמב""ם 8",2.5,0,39.0,495000.0,4,9,2012
אבן גבירול 25,3.0,3,54.0,550000.0,3,9,2012
"רמב""ם 8",2.5,0,39.0,495000.0,24,8,2012
יורדי הסירה 8,3.0,1,59.0,710000.0,22,8,2012
המעפילים 24,2.0,2,39.0,555000.0,19,8,2012
שבי ציון 32,3.0,7,69.0,730000.0,14,8,2012
אבן גבירול 20,2.0,0,36.0,550000.0,12,8,2012
"רמב""ם 8",2.5,2,39.0,525000.0,22,7,2012
יוספטל 5,3.0,3,65.0,535000.0,12,7,2012
הרב קוק 47,3.0,6,54.0,650000.0,8,7,2012
המעפילים 34,2.5,3,39.0,420000.0,1,7,2012
קבוץ גלויות 14,3.5,1,68.0,698000.0,1,7,2012
המעפילים 36,2.5,2,39.0,492000.0,28,6,2012
המעפילים 3,3.0,1,81.0,623000.0,26,6,2012
הרב קוק 31,3.0,2,61.0,550000.0,25,6,2012
קבוץ גלויות 31,2.0,1,39.0,507000.0,21,6,2012
המעפילים 58,3.0,3,49.0,600000.0,19,6,2012
"רמב""ם 2",3.0,1,65.0,600000.0,14,6,2012
הרב הרצוג 3,2.5,0,39.0,510000.0,13,6,2012
יוספטל 9,2.0,1,49.0,400000.0,13,6,2012
יוספטל 5,3.5,3,65.0,780000.0,11,6,2012
"רמב""ם 2",3.5,1,65.0,680000.0,10,6,2012
אבן גבירול 21,3.0,1,54.0,510000.0,8,6,2012
הרב קוק 39,3.0,1,54.0,126000.0,6,6,2012
יוספטל 6,4.0,1,80.0,690000.0,6,6,2012
הרב מימון 5,2.5,1,42.0,550000.0,28,5,2012
הרב מימון 13,2.0,1,42.0,445000.0,21,5,2012
הרב הרצוג 3,2.0,0,39.0,500000.0,20,5,2012
בורוכוב 22,3.0,0,59.0,630000.0,17,5,2012
שבי ציון 37,3.0,1,68.0,635000.0,17,5,2012
הרב קוק 13,3.0,2,63.0,560000.0,4,5,2012
בורוכוב 20,2.0,2,39.0,444000.0,2,5,2012
קבוץ גלויות 4,2.0,2,50.0,468000.0,1,5,2012
המעפילים 20,2.5,3,39.0,450000.0,26,4,2012
המעפילים 32,2.0,1,39.0,480000.0,17,4,2012
קבוץ גלויות 9,2.0,2,39.0,550000.0,16,4,2012
"רמב""ם 10",2.0,2,39.0,465000.0,9,4,2012
קבוץ גלויות 6,2.0,2,42.0,580000.0,25,3,2012
הרב קוק 41,3.0,3,50.0,780000.0,8,3,2012
המעפילים 6,3.0,3,63.0,660000.0,5,3,2012
המעפילים 34,2.0,0,39.0,670000.0,29,2,2012
המעפילים 24,2.0,1,39.0,565000.0,27,2,2012
המעפילים 18,2.5,0,44.0,500000.0,22,2,2012
המעפילים 58,4.0,1,70.0,850000.0,20,2,2012
אבן גבירול 25,3.0,2,54.0,510000.0,19,2,2012
"רמב""ם 16",4.0,1,85.0,1100000.0,13,2,2012
המעפילים 32,2.0,2,39.0,500000.0,2,2,2012
זמיר 4,4.0,0,93.0,1100000.0,2,2,2012
המעפילים 10,3.0,4,63.0,670000.0,31,1,2012
יוספטל 5,2.0,3,49.0,620000.0,23,1,2012
הרב קוק 17,3.0,3,56.0,550000.0,12,1,2012
אבן גבירול 15,6.0,2,109.0,1200000.0,10,1,2012
יצחק שדה 7,2.0,1,36.0,160000.0,9,1,2012
הרב מימון 17,2.0,1,42.0,500000.0,8,1,2012
שבי ציון 37,3.0,4,66.0,625000.0,4,1,2012
הרב מימון 9,2.0,3,42.0,500000.0,26,12,2011
שבי ציון 32,4.0,3,89.0,680000.0,18,12,2011
הרב קוק 47,3.0,6,54.0,760000.0,11,12,2011
יוספטל 4,2.5,1,38.0,480000.0,8,12,2011
קבוץ גלויות 18,2.5,1,42.0,520000.0,7,12,2011
אבן גבירול 23,3.0,2,54.0,595000.0,29,11,2011
מקלנבורג 4,3.0,2,54.0,600000.0,29,11,2011
"רמב""ם 9",2.0,0,39.0,400000.0,24,11,2011
קבוץ גלויות 18,2.0,2,42.0,480000.0,14,11,2011
דוכיפת 6,3.0,0,79.0,1127000.0,31,10,2011
מקלנבורג 10,2.0,1,44.0,437000.0,30,10,2011
הרב קוק 23,2.0,4,40.0,460000.0,30,10,2011
המעפילים 20,2.0,3,39.0,475000.0,28,10,2011
קבוץ גלויות 18,2.0,2,42.0,550000.0,26,10,2011
קבוץ גלויות 6,2.0,3,42.0,610000.0,24,10,2011
המעפילים 7,3.0,3,68.0,670000.0,11,10,2011
הרב קוק 17,3.0,1,56.0,550000.0,26,9,2011
המעפילים 3,4.0,1,80.0,580000.0,18,9,2011
יצחק שדה 2,2.0,3,52.0,480000.0,12,9,2011
אבן גבירול 15,3.0,0,54.0,720000.0,17,8,2011
אבן גבירול 24,2.0,0,36.0,438000.0,14,8,2011
המעפילים 56,3.0,1,58.0,213000.0,12,8,2011
המעפילים 22,2.0,3,39.0,445000.0,4,8,2011
המעפילים 18,5.0,1,90.0,1060000.0,24,7,2011
יוספטל 17,4.5,1,36.0,820000.0,10,7,2011
המעפילים 22,2.0,3,39.0,435000.0,7,7,2011
המעפילים 8,3.0,1,63.0,615000.0,5,7,2011
אגדיר 13,2.0,0,42.0,430000.0,29,6,2011
הרב הרצוג 3,2.0,1,39.0,517000.0,28,6,2011
"רמב""ם 5",2.0,3,52.0,433000.0,23,6,2011
הרב הרצוג 3,2.5,3,39.0,495000.0,20,6,2011
אבן גבירול 18,2.0,0,36.0,148000.0,16,6,2011
המעפילים 54,3.0,1,58.0,633000.0,14,6,2011
יורדי הסירה 2,3.0,2,59.0,605000.0,5,6,2011
אבן גבירול 15,3.0,2,54.0,680000.0,3,6,2011
הרב הרצוג 13,2.0,2,42.0,520000.0,3,6,2011
המעפילים 24,2.0,2,39.0,526000.0,24,5,2011
המעפילים 18,2.5,3,44.0,440000.0,19,5,2011
המעפילים 24,2.0,2,39.0,400000.0,19,5,2011
שבי ציון 32,4.0,7,89.0,620000.0,19,5,2011
המעפילים 60,2.0,1,33.0,500000.0,16,5,2011
אבן גבירול 16,2.0,1,36.0,425000.0,12,5,2011
המעפילים 20,2.5,3,39.0,425000.0,11,5,2011
הרב מימון 23,2.0,2,39.0,460000.0,11,5,2011
אבן גבירול 2,2.5,3,49.0,480000.0,11,5,2011
יצחק שדה 7,2.0,1,36.0,881000.0,5,5,2011
המעפילים 22,2.0,3,39.0,450000.0,4,5,2011
המעפילים 28,4.0,3,78.0,810000.0,4,5,2011
"רמב""ם 2",3.0,3,65.0,545000.0,2,5,2011
אגדיר 9,3.0,0,75.0,800000.0,28,4,2011
הרב קוק 22,3.0,3,60.0,530000.0,17,4,2011
קבוץ גלויות 21,3.5,2,76.0,655000.0,10,4,2011
הרב קוק 15,4.0,1,64.0,600000.0,22,3,2011
יוספטל 10,3.0,2,68.0,615000.0,9,3,2011
שבי ציון 39,3.0,1,85.0,705000.0,6,3,2011
שבי ציון 41,3.5,6,68.0,755000.0,2,3,2011
אבן גבירול 15,2.5,0,54.0,635000.0,25,2,2011
המעפילים 20,2.0,1,39.0,503000.0,23,2,2011
קבוץ גלויות 18,2.0,1,42.0,420000.0,21,2,2011
יצחק שדה 3,2.0,1,36.0,160000.0,20,2,2011
קבוץ גלויות 6,2.0,3,42.0,500000.0,20,2,2011
אבן גבירול 13,2.0,2,39.0,136000.0,15,2,2011
יוספטל 8,3.0,1,68.0,660000.0,15,2,2011
הרב קוק 14,2.0,3,44.0,425000.0,14,2,2011
קבוץ גלויות 4,2.0,2,42.0,500000.0,14,2,2011
יוספטל 5,3.0,0,65.0,560000.0,14,2,2011
אבן גבירול 25,3.0,3,54.0,550000.0,2,2,2011
אבן גבירול 12,2.0,1,36.0,430000.0,2,2,2011
קבוץ גלויות 33,4.0,1,90.0,700000.0,31,1,2011
יצחק שדה 2,2.5,4,52.0,430000.0,30,1,2011
קבוץ גלויות 14,2.5,1,42.0,450000.0,30,1,2011
הרב קוק 19,3.0,4,54.0,620000.0,28,1,2011
המעפילים 60,3.0,4,56.0,750000.0,26,1,2011
שבי ציון 39,3.0,3,66.0,665000.0,14,1,2011
אבן גבירול 13,2.0,0,39.0,500000.0,13,1,2011
יוספטל 5,3.0,1,65.0,538000.0,12,1,2011
הרב מימון 21,2.0,2,42.0,139000.0,9,1,2011
המעפילים 28,2.0,2,39.0,480000.0,5,1,2011
קבוץ גלויות 27,3.0,1,72.0,635000.0,5,1,2011
המעפילים 15,3.0,4,54.0,515000.0,3,1,2011
אבן גבירול 2,2.0,2,49.0,585000.0,2,1,2011
קבוץ גלויות 8,3.0,2,58.0,580000.0,30,12,2010
הרב קוק 22,4.0,2,89.0,279000.0,13,12,2010
"רמב""ם 8",2.0,1,39.0,141000.0,7,12,2010
המעפילים 52,3.0,1,58.0,550000.0,1,12,2010
"רמב""ם 12",2.0,1,42.0,475000.0,1,12,2010
הרב קוק 22,2.0,0,44.0,470000.0,15,11,2010
אבן גבירול 1,3.0,4,60.0,550000.0,10,11,2010
בורוכוב 22,2.0,1,39.0,410000.0,7,11,2010
מקלנבורג 6,3.0,3,54.0,152000.0,31,10,2010
הרב מימון 19,2.0,2,42.0,420000.0,22,10,2010
הרב קוק 3,3.0,2,63.0,580000.0,19,10,2010
המעפילים 3,3.0,4,68.0,490000.0,13,10,2010
"רמב""ם 8",2.0,0,39.0,425000.0,10,10,2010
יוספטל 4,2.0,4,38.0,339000.0,6,10,2010
יוספטל 13,2.0,1,36.0,465000.0,26,9,2010
הרב קוק 5,3.0,1,63.0,530000.0,21,9,2010
יצחק שדה 2,2.0,2,52.0,482000.0,12,9,2010
קבוץ גלויות 8,3.0,3,58.0,505000.0,8,9,2010
שבי ציון 32,4.0,4,89.0,685000.0,5,9,2010
אגדיר 5,2.0,0,42.0,134000.0,2,9,2010
אבן גבירול 11,2.0,0,39.0,480000.0,31,8,2010
המעפילים 15,3.0,4,54.0,540000.0,31,8,2010
הרב מימון 17,2.0,3,42.0,430000.0,29,8,2010
המעפילים 1,3.0,2,63.0,500000.0,23,8,2010
יורדי הסירה 6,3.0,2,50.0,500000.0,15,8,2010
המעפילים 10,3.0,1,63.0,750000.0,13,8,2010
המעפילים 2,3.0,2,63.0,500000.0,12,8,2010
"רמב""ם 14",2.0,1,42.0,390000.0,10,8,2010
שבי ציון 39,4.0,1,80.0,740000.0,5,8,2010
הרב קוק 25,2.0,3,40.0,480000.0,4,8,2010
הרב קוק 39,3.5,8,54.0,680000.0,3,8,2010
שבי ציון 32,4.0,6,89.0,600000.0,2,8,2010
הרב קוק 22,5.0,3,89.0,800000.0,1,8,2010
המעפילים 36,2.0,0,39.0,123000.0,19,7,2010
הרב מימון 19,2.0,2,42.0,126000.0,18,7,2010
אבן גבירול 21,3.0,0,54.0,545000.0,14,7,2010
שבי ציון 43,3.0,4,68.0,700000.0,12,7,2010
המעפילים 10,3.0,2,63.0,575000.0,28,6,2010
הרב מימון 1,2.0,3,42.0,450000.0,24,6,2010
המעפילים 10,3.0,1,63.0,600000.0,24,6,2010
המעפילים 10,3.0,4,63.0,550000.0,23,6,2010
הרב קוק 47,3.0,3,54.0,552000.0,21,6,2010
הרב קוק 25,2.0,4,40.0,460000.0,18,6,2010
בורוכוב 20,3.0,2,59.0,600000.0,17,6,2010
המעפילים 36,2.0,3,39.0,330000.0,16,6,2010
סולד הנריטה 4,2.5,1,39.0,455000.0,10,6,2010
המעפילים 13,3.0,1,54.0,560000.0,8,6,2010
קבוץ גלויות 27,3.0,3,72.0,670000.0,7,6,2010
אבן גבירול 22,2.0,1,36.0,390000.0,3,6,2010
הרב קוק 39,3.0,3,54.0,570000.0,27,5,2010
הרב מימון 9,2.5,3,42.0,410000.0,23,5,2010
"רמב""ם 5",2.5,1,52.0,427000.0,12,5,2010
הרב קוק 19,3.0,5,54.0,420000.0,3,5,2010
שבי ציון 32,4.0,3,89.0,890000.0,3,5,2010
המעפילים 58,3.0,4,53.0,490000.0,2,5,2010
המעפילים 18,2.0,2,44.0,407000.0,28,4,2010
הרב מימון 11,2.0,2,42.0,430000.0,22,4,2010
קבוץ גלויות 8,3.0,4,58.0,400000.0,21,4,2010
קבוץ גלויות 8,3.0,4,58.0,480000.0,21,4,2010
יורדי הסירה 6,3.0,3,52.0,500000.0,18,4,2010
אבן גבירול 1,3.0,7,55.0,485000.0,15,4,2010
אבן גבירול 25,3.0,1,54.0,540000.0,15,4,2010
מקלנבורג 10,2.0,2,44.0,128000.0,8,4,2010
המעפילים 7,3.0,4,68.0,500000.0,1,4,2010
הרב קוק 5,3.0,1,63.0,548000.0,25,3,2010
סולד הנריטה 4,2.0,0,39.0,450000.0,24,3,2010
הרב קוק 14,2.5,2,44.0,470000.0,24,3,2010
קבוץ גלויות 8,3.0,1,58.0,650000.0,18,3,2010
הרב קוק 13,3.0,4,63.0,440000.0,15,3,2010
הרב קוק 22,2.0,1,53.0,450000.0,10,3,2010
הרב קוק 19,3.0,7,54.0,584000.0,10,3,2010
הרב הרצוג 18,2.0,1,39.0,410000.0,8,3,2010
קבוץ גלויות 37,2.0,2,39.0,450000.0,7,3,2010
יורדי הסירה 2,3.0,2,49.0,450000.0,5,3,2010
הרב מימון 21,2.0,2,42.0,365000.0,4,3,2010
הרב קוק 3,3.5,3,63.0,535000.0,4,3,2010
המעפילים 42,2.0,0,36.0,385000.0,3,3,2010
הרב קוק 47,3.0,1,54.0,555000.0,2,3,2010
קבוץ גלויות 27,3.0,3,72.0,670000.0,26,2,2010
הרב מימון 5,2.0,0,42.0,445000.0,22,2,2010
קבוץ גלויות 20,3.0,2,59.0,536000.0,17,2,2010
המעפילים 3,4.0,1,80.0,660000.0,16,2,2010
קבוץ גלויות 9,2.0,2,39.0,340000.0,15,2,2010
קבוץ גלויות 14,2.0,0,42.0,450000.0,14,2,2010
המעפילים 11,3.0,4,54.0,540000.0,11,2,2010
המעפילים 20,2.0,2,39.0,395000.0,9,2,2010
המעפילים 56,3.0,2,58.0,490000.0,7,2,2010
המעפילים 54,3.0,2,58.0,513000.0,7,2,2010
יוספטל 15,2.0,0,36.0,498000.0,3,2,2010
המעפילים 52,3.5,1,58.0,527000.0,27,1,2010
המעפילים 30,2.0,0,39.0,420000.0,24,1,2010
הרב קוק 29,3.0,6,54.0,580000.0,24,1,2010
בורוכוב 4,2.0,1,39.0,420000.0,18,1,2010
אבן גבירול 21,3.0,3,54.0,500000.0,18,1,2010
המעפילים 5,3.0,2,68.0,530000.0,18,1,2010
יוספטל 9,2.5,3,49.0,410000.0,12,1,2010
הרב הרצוג 3,2.0,3,39.0,375000.0,10,1,2010
הרב קוק 21,2.0,1,40.0,450000.0,4,1,2010
בורוכוב 12,2.0,1,39.0,400000.0,3,1,2010
קבוץ גלויות 14,2.0,0,42.0,420000.0,20,12,2009
אגדיר 5,2.5,0,42.0,460000.0,9,12,2009
קבוץ גלויות 37,2.0,1,39.0,113000.0,7,12,2009
הרב הרצוג 18,2.5,2,39.0,360000.0,7,12,2009
המעפילים 56,3.0,1,58.0,590000.0,22,11,2009
הלביאה 6,4.0,0,90.0,900000.0,22,11,2009
הרב מימון 13,2.0,3,42.0,405000.0,17,11,2009
"רמב""ם 2",3.0,3,65.0,545000.0,17,11,2009
אגדיר 5,2.0,1,42.0,428000.0,15,11,2009
הרב קוק 31,3.0,1,50.0,185000.0,10,11,2009
המעפילים 54,3.5,2,58.0,450000.0,8,11,2009
המעפילים 36,4.0,4,78.0,650000.0,1,11,2009
הרב הרצוג 15,2.0,3,42.0,405000.0,29,10,2009
המעפילים 10,3.0,3,63.0,548000.0,28,10,2009
המעפילים 40,2.0,3,42.0,405000.0,22,10,2009
המעפילים 3,4.0,2,80.0,650000.0,22,10,2009
אבן גבירול 22,2.0,1,36.0,380000.0,21,10,2009
יורדי הסירה 2,3.0,1,33.0,677000.0,19,10,2009
המעפילים 36,2.0,0,39.0,110000.0,15,10,2009
המעפילים 34,2.0,2,39.0,415000.0,5,10,2009
המעפילים 54,3.0,0,88.0,545000.0,1,10,2009
המעפילים 44,2.0,3,42.0,360000.0,30,9,2009
המעפילים 60,4.0,2,80.0,655000.0,24,9,2009
המעפילים 6,3.0,1,63.0,410000.0,16,9,2009
אבן גבירול 15,3.0,1,54.0,420000.0,16,9,2009
קבוץ גלויות 13,2.5,1,39.0,415000.0,14,9,2009
אבן גבירול 16,2.0,0,36.0,395000.0,10,9,2009
אבן גבירול 21,3.0,3,54.0,335000.0,10,9,2009
קבוץ גלויות 27,3.0,3,72.0,650000.0,3,9,2009
הרב הרצוג 3,2.0,0,39.0,425000.0,2,9,2009
קבוץ גלויות 6,2.5,3,43.0,410000.0,23,8,2009
קבוץ גלויות 4,3.0,2,61.0,540000.0,18,8,2009
יוספטל 9,3.0,2,67.0,670000.0,17,8,2009
אגדיר 5,2.0,0,42.0,352000.0,11,8,2009
אגדיר 5,2.0,2,42.0,410000.0,9,8,2009
המעפילים 26,3.0,2,64.0,420000.0,7,8,2009
המעפילים 3,4.5,4,80.0,407000.0,5,8,2009
"רמב""ם 7",2.0,2,52.0,375000.0,4,8,2009
"רמב""ם 2",3.0,1,66.0,350000.0,3,8,2009
המעפילים 58,3.0,2,58.0,405000.0,3,8,2009
אבן גבירול 27,2.5,0,39.0,365000.0,2,8,2009
המעפילים 8,3.0,1,63.0,447000.0,27,7,2009
המעפילים 6,3.0,2,63.0,450000.0,22,7,2009
הרב קוק 13,3.0,4,63.0,400000.0,22,7,2009
קבוץ גלויות 18,2.5,2,42.0,400000.0,22,7,2009
הרב קוק 22,2.0,0,44.0,360000.0,16,7,2009
המעפילים 44,2.0,1,42.0,350000.0,8,7,2009
יוספטל 9,2.0,2,49.0,461000.0,8,7,2009
הרב קוק 15,4.0,1,64.0,525000.0,8,7,2009
הרב הרצוג 3,2.5,0,39.0,350000.0,6,7,2009
שבי ציון 32,4.0,2,89.0,518000.0,2,7,2009
קבוץ גלויות 8,3.5,1,56.0,490000.0,1,7,2009
אבן גבירול 2,2.5,0,49.0,382000.0,30,6,2009
קבוץ גלויות 4,2.0,1,42.0,375000.0,28,6,2009
הרב מימון 25,2.0,0,36.0,400000.0,26,6,2009
בורוכוב 26,2.0,3,39.0,360000.0,24,6,2009
המעפילים 20,2.0,3,39.0,320000.0,18,6,2009
אבן גבירול 12,2.0,0,36.0,360000.0,9,6,2009
המעפילים 5,3.0,1,68.0,590000.0,8,6,2009
אבן גבירול 7,2.5,2,39.0,350000.0,3,6,2009
הרב קוק 19,3.0,8,54.0,475000.0,31,5,2009
שבי ציון 43,3.0,3,74.0,600000.0,31,5,2009
קבוץ גלויות 6,2.0,1,42.0,400000.0,27,5,2009
הרב הרצוג 18,2.0,0,39.0,375000.0,26,5,2009
הרב קוק 41,3.0,3,50.0,450000.0,25,5,2009
המעפילים 56,3.0,2,58.0,495000.0,24,5,2009
הרב קוק 13,3.0,2,63.0,430000.0,21,5,2009
הרב קוק 15,4.0,1,64.0,464000.0,20,5,2009
"רמב""ם 7",2.0,4,52.0,350000.0,20,5,2009
המעפילים 30,2.0,2,39.0,370000.0,19,5,2009
מקלנבורג 10,2.0,1,44.0,118000.0,17,5,2009
בורוכוב 8,5.0,1,110.0,650000.0,17,5,2009
יוספטל 10,3.0,3,68.0,360000.0,13,5,2009
סולד הנריטה 4,2.0,2,39.0,260000.0,12,5,2009
קבוץ גלויות 33,4.0,3,71.0,425000.0,7,5,2009
שבי ציון 41,3.0,5,68.0,580000.0,26,4,2009
"רמב""ם 2",3.0,1,65.0,480000.0,20,4,2009
קבוץ גלויות 13,2.0,0,39.0,340000.0,3,4,2009
המעפילים 40,2.0,1,42.0,320000.0,31,3,2009
המעפילים 13,3.0,3,54.0,405000.0,26,3,2009
הרב הרצוג 3,2.0,2,39.0,318000.0,11,3,2009
קבוץ גלויות 11,2.0,1,39.0,358000.0,8,3,2009
הרב הרצוג 15,2.0,1,42.0,350000.0,26,2,2009
המעפילים 58,2.5,1,33.0,350000.0,22,2,2009
אבן גבירול 27,2.0,1,39.0,400000.0,19,2,2009
המעפילים 56,3.0,3,58.0,375000.0,18,2,2009
המעפילים 18,2.0,0,44.0,418000.0,8,2,2009
הרב קוק 31,3.0,3,50.0,470000.0,6,2,2009
הרב הרצוג 3,2.5,3,39.0,290000.0,4,2,2009
הרב מימון 3,2.0,1,42.0,114000.0,3,2,2009
הרב קוק 19,3.0,3,54.0,440000.0,2,2,2009
המעפילים 1,3.0,2,63.0,148000.0,29,1,2009
קבוץ גלויות 31,2.0,1,39.0,250000.0,22,1,2009
"רמב""ם 5",2.0,4,52.0,300000.0,21,1,2009
המעפילים 28,2.5,1,39.0,280000.0,18,1,2009
אבן גבירול 20,2.0,0,36.0,340000.0,15,1,2009
המעפילים 11,3.0,3,54.0,441000.0,8,1,2009
יוספטל 21,2.0,0,36.0,350000.0,7,1,2009
הרב הרצוג 12,2.0,0,36.0,578000.0,7,1,2009
המעפילים 54,3.0,1,58.0,495000.0,5,1,2009
הרב קוק 35,3.0,2,50.0,435000.0,1,1,2009
יורדי הסירה 8,3.0,4,64.0,370000.0,21,12,2008
ילין דוד 4,2.0,1,36.0,350000.0,18,12,2008
בורוכוב 22,2.0,2,39.0,280000.0,16,12,2008
הרב מימון 15,2.0,0,39.0,300000.0,15,12,2008
קבוץ גלויות 19,3.0,2,63.0,197000.0,10,12,2008
הרב מימון 1,2.0,1,42.0,114000.0,9,12,2008
קבוץ גלויות 20,3.0,2,59.0,405000.0,8,12,2008
הרב קוק 47,3.0,7,54.0,520000.0,4,12,2008
הרב הרצוג 18,4.0,0,79.0,400000.0,3,12,2008
הרב מימון 11,2.0,2,42.0,123250.0,1,12,2008
יוספטל 5,2.0,1,49.0,353000.0,26,11,2008
אבן גבירול 2,2.0,3,49.0,370000.0,26,11,2008
"רמב""ם 11",2.0,2,39.0,310000.0,20,11,2008
קבוץ גלויות 4,3.0,4,60.0,430000.0,13,11,2008
שבי ציון 32,3.0,5,69.0,510000.0,11,11,2008
הרב הרצוג 3,2.0,2,39.0,300000.0,9,11,2008
מקלנבורג 4,3.0,2,54.0,402000.0,9,11,2008
יוספטל 15,4.0,1,63.0,600000.0,15,10,2008
הרב קוק 19,3.0,7,54.0,480000.0,12,10,2008
הרב הרצוג 3,2.0,1,39.0,378000.0,6,10,2008
דוכיפת 1,4.5,0,92.0,890000.0,28,9,2008
המעפילים 7,4.0,4,80.0,400000.0,23,9,2008
"רמב""ם 5",2.0,1,52.0,440000.0,17,9,2008
יורדי הסירה 8,3.0,1,59.0,585000.0,15,9,2008
המעפילים 52,3.0,0,53.0,479000.0,10,9,2008
הרב קוק 17,3.0,1,56.0,400000.0,10,9,2008
יורדי הסירה 8,3.0,3,59.0,464000.0,5,9,2008
הרב מימון 5,4.0,2,85.0,500000.0,26,8,2008
קבוץ גלויות 8,3.0,4,58.0,420000.0,20,8,2008
הרב קוק 19,3.0,8,54.0,540000.0,18,8,2008
המעפילים 22,2.0,2,39.0,280000.0,15,8,2008
המעפילים 1,3.0,2,63.0,380000.0,13,8,2008
שבי ציון 41,3.0,2,68.0,525000.0,12,8,2008
"רמב""ם 8",2.0,0,39.0,285000.0,11,8,2008
המעפילים 36,2.0,1,39.0,335000.0,6,8,2008
הרב קוק 25,2.0,1,40.0,300000.0,4,8,2008
קבוץ גלויות 13,2.5,2,39.0,318000.0,31,7,2008
המעפילים 54,3.0,0,53.0,460000.0,22,7,2008
המעפילים 6,3.0,2,63.0,485000.0,22,7,2008
"רמב""ם 7",2.0,3,52.0,300000.0,21,7,2008
המעפילים 8,3.0,4,63.0,385000.0,21,7,2008
יורדי הסירה 4,3.0,1,64.0,448000.0,18,7,2008
הרב הרצוג 19,2.0,3,42.0,320000.0,17,7,2008
יוספטל 8,3.0,3,68.0,430000.0,13,7,2008
"רמב""ם 2",3.0,0,63.0,500000.0,13,7,2008
שבי ציון 41,3.0,1,68.0,518000.0,11,7,2008
הרב קוק 39,3.0,7,54.0,470000.0,8,7,2008
המעפילים 32,2.0,2,39.0,332000.0,30,6,2008
יורדי הסירה 12,4.0,2,87.0,550000.0,26,6,2008
אבן גבירול 20,2.0,1,36.0,305000.0,5,6,2008
"רמב""ם 7",2.0,3,52.0,233000.0,2,6,2008
קבוץ גלויות 31,3.5,2,64.0,325000.0,25,5,2008
הרב מימון 11,2.0,0,49.0,110000.0,22,5,2008
המעפילים 32,2.0,1,39.0,280000.0,22,5,2008
יוספטל 5,2.0,3,49.0,330000.0,21,5,2008
יורדי הסירה 6,3.0,2,50.0,400000.0,20,5,2008
הרב קוק 15,4.0,2,64.0,510000.0,20,5,2008
יוספטל 15,2.0,0,36.0,343000.0,18,5,2008
המעפילים 32,2.0,3,39.0,303000.0,18,5,2008
המעפילים 34,2.0,0,39.0,340000.0,15,5,2008
הרב קוק 13,3.0,1,63.0,390000.0,5,5,2008
הרב קוק 17,3.0,0,56.0,300000.0,29,4,2008
הרב קוק 13,3.0,3,63.0,288000.0,28,4,2008
קבוץ גלויות 18,2.0,0,42.0,339000.0,16,4,2008
קבוץ גלויות 31,2.5,2,39.0,290000.0,14,4,2008
יורדי הסירה 4,3.0,2,64.0,393000.0,9,4,2008
הרב קוק 39,3.0,2,54.0,456000.0,7,4,2008
הרב קוק 14,2.0,0,44.0,350000.0,3,4,2008
קבוץ גלויות 27,2.0,2,51.0,260000.0,1,4,2008
הרב קוק 22,4.0,3,106.0,193000.0,30,3,2008
הרב קוק 5,3.0,2,63.0,360000.0,25,3,2008
אבן גבירול 11,2.0,0,39.0,307000.0,20,3,2008
המעפילים 52,3.0,3,58.0,385000.0,16,3,2008
המעפילים 32,2.0,0,39.0,170000.0,12,3,2008
המעפילים 18,2.5,2,44.0,315000.0,6,3,2008
מקלנבורג 10,2.0,2,44.0,233000.0,25,2,2008
הרב הרצוג 12,3.0,0,36.0,524000.0,18,2,2008
סולד הנריטה 4,2.0,0,39.0,322000.0,14,2,2008
המעפילים 8,3.0,4,63.0,360000.0,6,2,2008
הרב הרצוג 15,2.0,2,42.0,305000.0,4,2,2008
בורוכוב 8,3.0,1,62.0,585000.0,3,2,2008
המעפילים 8,3.0,3,63.0,331000.0,30,1,2008
קבוץ גלויות 39,3.0,3,81.0,400000.0,29,1,2008
המעפילים 5,4.0,3,80.0,455000.0,27,1,2008
בורוכוב 20,2.0,2,39.0,120000.0,18,1,2008
קבוץ גלויות 33,4.0,2,71.0,374000.0,17,1,2008
המעפילים 6,3.0,4,63.0,370000.0,14,1,2008
יוספטל 21,2.0,1,36.0,323000.0,11,1,2008
קבוץ גלויות 12,2.0,1,42.0,297000.0,7,1,2008
יוספטל 5,3.0,2,65.0,50443.0,6,1,2008
המעפילים 34,2.0,1,39.0,306000.0,3,1,2008
קבוץ גלויות 11,2.0,1,39.0,261000.0,1,1,2008
יוספטל 17,4.0,0,74.0,154000.0,25,12,2007
קבוץ גלויות 14,4.0,0,67.0,421000.0,17,12,2007
יוספטל 9,5.0,0,86.0,450000.0,10,12,2007
יוספטל 4,2.0,2,38.0,120000.0,9,12,2007
יוספטל 10,3.0,2,68.0,370000.0,5,12,2007
"רמב""ם 16",2.0,3,42.0,231000.0,29,11,2007
המעפילים 3,3.0,4,68.0,360000.0,26,11,2007
מקלנבורג 6,3.0,3,54.0,254000.0,25,11,2007
יורדי הסירה 2,3.0,1,33.0,285000.0,23,11,2007
קבוץ גלויות 4,2.0,1,42.0,354000.0,22,11,2007
הרב מימון 7,2.0,2,39.0,100000.0,18,11,2007
הרב קוק 17,3.0,3,56.0,314000.0,14,11,2007
יוספטל 4,2.0,1,38.0,235000.0,11,11,2007
קבוץ גלויות 12,2.0,1,42.0,286000.0,7,11,2007
יצחק שדה 3,2.0,1,36.0,571000.0,6,11,2007
הרב קוק 39,3.0,5,54.0,410000.0,5,11,2007
המעפילים 52,3.0,2,58.0,445000.0,1,11,2007
המעפילים 3,3.0,4,68.0,308000.0,29,10,2007
הרב מימון 19,2.0,1,42.0,251000.0,28,10,2007
הרב קוק 47,3.0,5,54.0,479000.0,25,10,2007
שבי ציון 39,3.0,5,66.0,455000.0,15,10,2007
הרב מימון 11,4.0,3,85.0,475000.0,14,10,2007
הרב קוק 47,3.0,4,54.0,181575.0,24,9,2007
המעפילים 36,2.0,0,39.0,300000.0,19,9,2007
"רמב""ם 2",3.0,3,65.0,311000.0,18,9,2007
אבן גבירול 23,3.0,0,54.0,334000.0,7,9,2007
סטרומה 7,3.0,1,68.0,359000.0,3,9,2007
קבוץ גלויות 39,3.0,2,81.0,371000.0,2,9,2007
קבוץ גלויות 33,4.0,1,71.0,423000.0,19,8,2007
המעפילים 58,3.0,1,33.0,394000.0,19,8,2007
הרב קוק 17,3.0,3,56.0,293000.0,14,8,2007
אבן גבירול 21,3.0,2,54.0,316000.0,14,8,2007
קבוץ גלויות 12,2.0,0,42.0,207000.0,13,8,2007
הרב מימון 5,4.0,3,85.0,406000.0,13,8,2007
בורוכוב 18,3.0,0,58.0,528000.0,1,8,2007
קבוץ גלויות 9,2.0,2,39.0,250000.0,31,7,2007
הרב קוק 41,3.0,1,50.0,320000.0,26,7,2007
בורוכוב 22,3.0,0,59.0,364000.0,26,7,2007
יורדי הסירה 12,3.0,4,52.0,359000.0,18,7,2007
הרב קוק 13,3.0,1,63.0,395000.0,11,7,2007
אבן גבירול 12,2.0,1,36.0,361000.0,11,7,2007
מקלנבורג 4,3.0,3,54.0,295000.0,9,7,2007
בורוכוב 4,2.0,1,39.0,246000.0,1,7,2007
קבוץ גלויות 6,2.0,1,42.0,276000.0,28,6,2007
קבוץ גלויות 12,2.0,0,42.0,321000.0,27,6,2007
הרב קוק 29,3.0,4,54.0,401000.0,24,6,2007
המעפילים 10,3.0,1,63.0,421000.0,17,6,2007
סולד הנריטה 4,2.5,1,39.0,265000.0,15,6,2007
הרב מימון 3,4.0,0,109.0,820000.0,11,6,2007
קבוץ גלויות 6,3.0,2,59.0,337000.0,7,6,2007
המעפילים 24,2.0,3,39.0,264000.0,6,6,2007
"רמב""ם 10",2.0,2,39.0,264000.0,6,6,2007
שבי ציון 43,3.0,1,74.0,361000.0,6,6,2007
הרב קוק 13,3.0,1,63.0,331000.0,3,6,2007
"רמב""ם 10",2.0,1,39.0,400000.0,3,6,2007
קבוץ גלויות 11,2.0,0,39.0,250000.0,31,5,2007
שבי ציון 32,4.0,6,89.0,479000.0,18,5,2007
הרב קוק 17,3.0,1,56.0,306000.0,13,5,2007
הרב מימון 7,2.0,2,39.0,245000.0,9,5,2007
זמיר 4,3.0,0,83.0,407000.0,20,4,2007
קבוץ גלויות 13,2.0,2,39.0,260000.0,17,4,2007
המעפילים 62,3.0,2,59.0,284000.0,17,4,2007
קבוץ גלויות 4,2.0,1,42.0,264000.0,15,4,2007
שבי ציון 43,3.0,3,76.0,377000.0,11,4,2007
אבן גבירול 19,2.0,0,39.0,301000.0,6,4,2007
יוספטל 4,2.0,1,38.0,284000.0,22,3,2007
הראם 6,4.0,0,91.0,587000.0,21,3,2007
הרב הרצוג 18,2.0,0,39.0,302000.0,20,3,2007
יורדי הסירה 2,3.0,4,49.0,292000.0,21,2,2007
יוספטל 13,2.0,1,36.0,300000.0,14,2,2007
הרב קוק 15,4.0,3,64.0,147910.0,11,2,2007
יוספטל 12,4.0,1,80.0,424000.0,1,2,2007
הרב קוק 47,3.0,3,54.0,340000.0,31,1,2007
שבי ציון 43,3.0,1,68.0,411000.0,31,1,2007
המעפילים 32,2.0,1,39.0,253000.0,24,1,2007
"רמב""ם 2",4.0,0,63.0,400000.0,23,1,2007
הרב קוק 15,4.0,3,64.0,316000.0,18,1,2007
המעפילים 34,2.0,3,39.0,211000.0,16,1,2007
יצחק שדה 2,2.0,4,52.0,181000.0,16,1,2007
המעפילים 54,3.0,3,58.0,447000.0,16,1,2007
המעפילים 22,2.0,3,39.0,168000.0,4,1,2007
הרב מימון 17,2.0,2,42.0,206000.0,27,12,2006
בורוכוב 8,3.0,0,39.0,342000.0,27,12,2006
הרב מימון 7,2.0,0,39.0,232000.0,26,12,2006
"רמב""ם 2",3.0,3,65.0,413000.0,26,12,2006
המעפילים 1,3.0,4,63.0,259000.0,17,12,2006
המעפילים 18,2.0,2,44.0,273000.0,17,12,2006
אבן גבירול 11,2.0,0,39.0,304000.0,11,12,2006
הרב קוק 39,3.0,3,54.0,340000.0,10,12,2006
הרב מימון 7,2.0,2,39.0,216000.0,22,11,2006
קבוץ גלויות 14,2.0,2,42.0,172000.0,20,11,2006
קבוץ גלויות 20,3.0,1,69.0,417000.0,19,11,2006
יורדי הסירה 6,3.0,2,50.0,355000.0,13,11,2006
הרב קוק 15,4.0,2,64.0,307000.0,8,11,2006
קבוץ גלויות 13,2.0,1,39.0,235000.0,2,11,2006
הרב מימון 1,2.0,2,42.0,257000.0,31,10,2006
קבוץ גלויות 13,2.5,2,39.0,253000.0,26,10,2006
הרב קוק 47,3.0,7,54.0,329000.0,19,10,2006
אגדיר 9,2.0,1,42.0,462000.0,26,9,2006
יורדי הסירה 2,3.0,3,53.0,316000.0,28,8,2006
המעפילים 18,2.0,0,44.0,248000.0,16,8,2006
אבן גבירול 24,2.0,1,36.0,245000.0,14,8,2006
בורוכוב 21,4.0,0,93.0,592000.0,10,8,2006
בורוכוב 20,2.0,0,39.0,466000.0,7,8,2006
יורדי הסירה 12,3.0,4,49.0,1319000.0,4,8,2006
הרב קוק 5,3.0,4,63.0,245000.0,23,7,2006
הרב קוק 29,3.0,2,54.0,281000.0,21,7,2006
יורדי הסירה 6,3.0,4,49.0,320000.0,10,7,2006
הרב קוק 3,3.0,1,63.0,328000.0,30,6,2006
קבוץ גלויות 12,2.0,0,42.0,267000.0,20,6,2006
בורוכוב 8,2.0,1,39.0,248000.0,18,6,2006
קבוץ גלויות 25,2.0,1,39.0,272000.0,12,6,2006
המעפילים 54,5.0,0,95.0,510000.0,31,5,2006
המעפילים 58,3.0,4,50.0,417000.0,29,5,2006
יורדי הסירה 12,5.0,3,110.0,433000.0,29,5,2006
הרב קוק 17,3.0,1,56.0,224000.0,24,5,2006
המעפילים 32,2.0,3,39.0,246000.0,22,5,2006
"רמב""ם 5",2.0,3,52.0,200000.0,17,5,2006
בורוכוב 8,2.0,0,39.0,272000.0,17,5,2006
בורוכוב 21,2.0,0,36.0,305000.0,17,5,2006
בורוכוב 4,2.0,0,53.0,398000.0,8,5,2006
קבוץ גלויות 17,2.0,2,51.0,360000.0,30,4,2006
אבן גבירול 9,2.0,1,39.0,340000.0,26,4,2006
אבן גבירול 18,2.0,1,36.0,266000.0,10,4,2006
הרב קוק 29,3.0,5,54.0,367000.0,6,4,2006
יצחק שדה 3,2.0,0,36.0,447000.0,20,3,2006
בורוכוב 22,2.0,1,39.0,349000.0,19,3,2006
יוספטל 5,3.0,3,65.0,284000.0,16,3,2006
המעפילים 34,2.0,0,39.0,282000.0,7,3,2006
יוספטל 5,3.0,3,65.0,351000.0,2,2,2006
יצחק שדה 2,2.0,1,52.0,251000.0,19,1,2006
קבוץ גלויות 21,6.0,1,120.0,484000.0,9,1,2006
קבוץ גלויות 21,3.0,1,76.0,353000.0,19,12,2005
הרב קוק 12,2.0,1,44.0,288000.0,15,12,2005
"רמב""ם 5",2.0,1,52.0,265000.0,5,12,2005
מקלנבורג 8,2.0,1,44.0,297000.0,23,11,2005
הרב קוק 39,3.0,6,54.0,425000.0,21,11,2005
הרב קוק 12,2.0,2,44.0,231000.0,13,11,2005
המעפילים 36,4.0,4,85.0,501000.0,26,10,2005
מקלנבורג 8,2.0,2,44.0,247000.0,25,9,2005
הרב קוק 25,2.0,2,40.0,265000.0,18,9,2005
הרב קוק 15,4.0,1,64.0,269000.0,4,9,2005
אבן גבירול 11,2.0,2,39.0,262000.0,29,8,2005
הרב קוק 23,2.0,1,40.0,224000.0,24,8,2005
קבוץ גלויות 14,2.0,0,42.0,273000.0,24,8,2005
הרב הרצוג 18,2.0,1,39.0,244000.0,18,8,2005
בורוכוב 18,2.0,2,39.0,239000.0,10,8,2005
שבי ציון 32,4.0,6,89.0,465000.0,10,8,2005
המעפילים 10,3.0,2,63.0,349000.0,2,8,2005
המעפילים 24,2.0,0,39.0,249000.0,25,7,2005
אגדיר 13,3.0,4,63.0,297000.0,20,7,2005
המעפילים 56,3.0,1,58.0,344000.0,4,7,2005
הרב מימון 21,2.0,1,42.0,535000.0,26,6,2005
אבן גבירול 18,2.0,1,36.0,220000.0,8,6,2005
הרב קוק 19,3.0,6,54.0,335000.0,6,6,2005
קבוץ גלויות 25,2.0,0,39.0,250000.0,16,12,2004
הרב קוק 12,2.0,3,44.0,203000.0,15,12,2004
הרב מימון 27,2.0,0,42.0,268000.0,12,12,2004
הרב קוק 31,3.0,3,61.0,297000.0,24,11,2004
הרב מימון 21,2.0,2,42.0,232000.0,21,11,2004
המעפילים 24,2.0,0,39.0,245000.0,17,11,2004
שבי ציון 43,3.0,4,74.0,464000.0,16,11,2004
שבי ציון 37,3.0,1,66.0,381000.0,3,11,2004
אבן גבירול 12,2.0,0,36.0,289000.0,27,10,2004
הרב קוק 13,3.0,3,63.0,265000.0,26,10,2004
המעפילים 6,3.0,2,63.0,310000.0,21,10,2004
המעפילים 24,2.0,1,39.0,244000.0,20,10,2004
קבוץ גלויות 4,3.0,3,59.0,272000.0,19,10,2004
המעפילים 18,5.0,1,90.0,441000.0,28,9,2004
המעפילים 5,3.0,4,68.0,234000.0,10,9,2004
הרב קוק 31,3.0,3,50.0,288000.0,8,9,2004
אבן גבירול 19,2.0,3,60.0,258000.0,26,8,2004
הרב קוק 12,2.0,0,44.0,226000.0,18,8,2004
יוספטל 5,3.0,0,65.0,338000.0,1,8,2004
יוספטל 9,3.0,3,67.0,269000.0,20,7,2004
הרב קוק 47,3.0,3,54.0,350000.0,15,7,2004
הרב קוק 19,3.0,5,54.0,318000.0,11,7,2004
הרב מימון 3,4.0,1,85.0,461000.0,5,7,2004
מקלנבורג 8,2.0,2,44.0,201000.0,1,7,2004
קבוץ גלויות 16,2.5,2,42.0,250000.0,30,6,2004
המעפילים 26,3.0,1,64.0,305000.0,30,6,2004
המעפילים 52,3.0,2,58.0,291000.0,8,6,2004
הרב קוק 31,3.0,4,50.0,288000.0,9,5,2004
המעפילים 18,2.0,1,44.0,253000.0,5,5,2004
קבוץ גלויות 4,2.0,3,42.0,235000.0,1,4,2004
"רמב""ם 2",3.0,1,65.0,317000.0,23,3,2004
קבוץ גלויות 6,4.0,4,70.0,248000.0,18,2,2004
מקלנבורג 6,3.0,2,54.0,259000.0,29,1,2004
הרב מימון 19,2.0,1,42.0,225000.0,21,1,2004
יוספטל 5,2.0,0,49.0,253000.0,24,12,2003
הרב מימון 1,2.0,2,42.0,219000.0,18,12,2003
"רמב""ם 7",2.0,4,52.0,263000.0,11,12,2003
"רמב""ם 2",3.0,1,65.0,376000.0,2,12,2003
הרב קוק 3,3.0,2,63.0,274000.0,13,11,2003
הרב קוק 12,2.0,0,44.0,246000.0,5,11,2003
הרב מימון 9,2.0,1,42.0,240000.0,3,11,2003
המעפילים 30,2.0,2,39.0,236000.0,29,10,2003
הרב קוק 21,2.0,2,52.0,233000.0,26,10,2003
המעפילים 20,2.0,3,39.0,182000.0,29,9,2003
קבוץ גלויות 8,3.0,3,56.0,278000.0,11,9,2003
המעפילים 36,2.0,1,39.0,244000.0,3,9,2003
בורוכוב 22,3.0,1,59.0,277000.0,27,8,2003
יוספטל 10,3.0,2,68.0,336000.0,16,7,2003
אגדיר 9,2.0,1,42.0,258000.0,9,7,2003
המעפילים 10,3.0,4,63.0,260000.0,9,7,2003
הרב קוק 47,3.0,2,54.0,338000.0,15,6,2003
הרב קוק 19,3.0,5,54.0,334000.0,26,5,2003
הרב קוק 47,3.0,1,54.0,372000.0,11,4,2003
יורדי הסירה 4,3.0,4,64.0,245000.0,10,4,2003
הרב קוק 47,3.0,8,54.0,357000.0,3,2,2003
יוספטל 13,2.0,1,36.0,266000.0,19,1,2003
"רמב""ם 7",2.0,2,52.0,244000.0,2,1,2003
קבוץ גלויות 8,3.0,2,58.0,354000.0,27,12,2002
יוספטל 12,3.0,1,68.0,363000.0,11,12,2002
אבן גבירול 23,3.0,4,63.0,246000.0,1,11,2002
בארי 4,4.0,4,68.0,233000.0,7,10,2002
אבן גבירול 15,3.0,1,54.0,354000.0,19,9,2002
המעפילים 56,3.0,0,54.0,327000.0,18,9,2002
הצבי 3,2.0,0,28.0,380000.0,9,7,2002
המעפילים 26,3.0,3,64.0,335000.0,8,7,2002
המעפילים 8,3.0,3,63.0,161000.0,4,7,2002
המעפילים 1,3.0,3,63.0,371000.0,28,6,2002
אגדיר 5,2.0,1,42.0,298000.0,5,6,2002
הרב קוק 33,3.0,3,55.0,372000.0,30,5,2002
יורדי הסירה 4,3.0,3,64.0,398000.0,22,5,2002
המעפילים 36,2.0,2,39.0,269000.0,6,3,2002
קבוץ גלויות 8,3.0,2,58.0,350000.0,4,3,2002
מקלנבורג 8,2.0,0,44.0,441000.0,4,2,2002
הרב הרצוג 3,2.0,1,39.0,233000.0,16,12,2001
יורדי הסירה 2,4.0,4,97.0,571000.0,23,11,2001
המעפילים 28,2.0,3,39.0,247000.0,7,11,2001
הרב הרצוג 3,2.0,3,39.0,229000.0,4,11,2001
בורוכוב 18,3.0,1,59.0,268000.0,18,10,2001
אגדיר 5,2.0,2,42.0,245000.0,6,9,2001
אבן גבירול 22,2.0,0,36.0,241000.0,26,8,2001
הרב קוק 35,3.0,3,50.0,285000.0,26,7,2001
יורדי הסירה 12,4.0,1,85.0,428000.0,3,6,2001
המעפילים 20,2.0,1,39.0,214000.0,24,5,2001
יוספטל 9,2.0,3,49.0,240000.0,21,5,2001
המעפילים 60,4.0,1,90.0,404000.0,8,5,2001
יוספטל 9,2.0,2,60.0,236000.0,22,4,2001
הרב מימון 19,2.0,1,42.0,231000.0,17,4,2001
קבוץ גלויות 19,2.0,2,39.0,218000.0,12,4,2001
המעפילים 34,2.0,1,39.0,228000.0,4,4,2001
שבי ציון 37,3.0,4,68.0,345000.0,4,4,2001
אבן גבירול 13,2.0,0,39.0,234000.0,1,4,2001
הרב קוק 29,3.0,5,54.0,282000.0,27,3,2001
אבן גבירול 2,2.0,1,49.0,310000.0,7,2,2001
יורדי הסירה 6,3.0,4,53.0,308000.0,5,2,2001
המעפילים 56,3.0,2,58.0,351000.0,13,12,2000
אגדיר 9,2.0,0,42.0,238000.0,15,11,2000
המעפילים 10,3.0,2,63.0,332000.0,24,10,2000
אבן גבירול 7,2.0,1,39.0,205000.0,18,10,2000
הרב קוק 47,3.0,7,54.0,299000.0,8,10,2000
קבוץ גלויות 4,3.0,4,60.0,330000.0,3,9,2000
אבן גבירול 27,4.0,0,78.0,148000.0,27,8,2000
יוספטל 10,4.0,1,80.0,351000.0,24,7,2000
יוספטל 23,2.0,0,36.0,96000.0,20,7,2000
המעפילים 22,2.0,1,39.0,246000.0,22,6,2000
המעפילים 24,2.0,0,39.0,53000.0,20,6,2000
המעפילים 9,4.0,2,68.0,427000.0,12,6,2000
הרב הרצוג 18,2.0,0,39.0,298000.0,11,6,2000
המעפילים 20,2.0,0,39.0,312000.0,30,5,2000
אבן גבירול 14,2.0,1,36.0,241000.0,21,5,2000
הרב מימון 29,2.0,0,42.0,258000.0,19,5,2000
אבן גבירול 12,2.0,1,36.0,199000.0,8,5,2000
שבי ציון 32,4.0,7,89.0,512000.0,30,4,2000
המעפילים 13,3.0,3,54.0,360000.0,18,4,2000
שבי ציון 32,4.0,8,113.0,477000.0,16,3,2000
הרב הרצוג 13,2.0,2,42.0,274000.0,24,2,2000
המעפילים 6,3.0,4,63.0,406000.0,6,1,2000
יוספטל 4,2.0,4,38.0,226000.0,4,1,2000
סולד הנריטה 4,2.0,1,39.0,245000.0,26,12,1999
אבן גבירול 2,2.0,2,49.0,304000.0,2,12,1999
שבי ציון 41,3.0,1,66.0,418000.0,20,10,1999
נחליאלי 3,4.0,0,108.0,661000.0,17,10,1999
הרב קוק 41,3.0,1,55.0,345000.0,10,10,1999
יצחק שדה 7,2.0,1,36.0,242000.0,12,8,1999
קבוץ גלויות 6,2.0,2,42.0,274000.0,3,8,1999
אבן גבירול 9,2.0,3,47.0,240000.0,5,7,1999
סולד הנריטה 4,2.0,1,47.0,250000.0,5,7,1999
קבוץ גלויות 13,2.0,2,47.0,252000.0,5,7,1999
המעפילים 20,2.0,1,47.0,260000.0,29,6,1999
ילין דוד 4,2.0,0,36.0,251000.0,27,6,1999
מקלנבורג 6,3.0,2,62.0,275000.0,24,6,1999
המעפילים 26,3.0,3,64.0,333000.0,23,6,1999
קבוץ גלויות 18,2.0,3,53.0,255000.0,20,6,1999
אבן גבירול 24,2.0,1,36.0,306000.0,9,6,1999
הרב קוק 15,4.0,2,64.0,430000.0,31,5,1999
שבי ציון 43,3.0,2,66.0,453000.0,31,5,1999
יוספטל 10,4.0,2,80.0,410000.0,29,5,1999
הרב קוק 13,3.0,2,63.0,365000.0,28,5,1999
קבוץ גלויות 6,3.0,3,70.0,365000.0,27,5,1999
יוספטל 10,4.0,3,80.0,430000.0,25,5,1999
יוספטל 12,4.0,2,80.0,485000.0,25,5,1999
המעפילים 15,3.0,4,62.0,356000.0,18,5,1999
הרב קוק 21,2.0,1,40.0,225000.0,16,5,1999
יוספטל 5,3.5,3,65.0,365000.0,5,5,1999
הרב קוק 35,3.0,1,61.0,396000.0,4,5,1999
קבוץ גלויות 8,3.0,3,58.0,439000.0,26,4,1999
הרב קוק 13,3.0,3,63.0,368000.0,20,4,1999
המעפילים 10,3.0,2,63.0,451000.0,11,4,1999
הרב קוק 43,3.0,3,50.0,375000.0,28,3,1999
שבי ציון 37,3.0,1,68.0,403000.0,23,3,1999
המעפילים 54,5.0,1,92.0,564000.0,23,3,1999
המעפילים 18,2.0,2,44.0,263000.0,8,3,1999
קבוץ גלויות 6,2.0,3,62.0,236000.0,11,2,1999
יוספטל 9,2.0,2,49.0,365000.0,11,2,1999
הרב הרצוג 10,2.0,0,36.0,374000.0,11,2,1999
הרב קוק 5,3.0,3,63.0,365000.0,10,2,1999
שבי ציון 41,3.0,4,68.0,444000.0,10,2,1999
המעפילים 8,3.0,4,63.0,358000.0,28,1,1999
קבוץ גלויות 20,3.0,2,59.0,407000.0,21,1,1999
המעפילים 8,3.0,2,63.0,456000.0,20,1,1999
יוספטל 8,4.0,1,80.0,465000.0,17,1,1999
"רמב""ם 9",2.0,2,39.0,330000.0,13,1,1999
מקלנבורג 8,2.0,1,53.0,240000.0,11,1,1999
קבוץ גלויות 12,2.0,2,42.0,312000.0,30,12,1998
המעפילים 10,3.0,2,63.0,451000.0,27,12,1998
קבוץ גלויות 19,4.0,0,80.0,501000.0,27,12,1998
יוספטל 9,3.0,1,67.0,365000.0,23,12,1998
המעפילים 32,2.0,3,39.0,277000.0,18,12,1998
יוספטל 10,3.0,4,68.0,365000.0,16,12,1998
המעפילים 2,3.0,3,54.0,366000.0,16,12,1998
הרב קוק 47,3.0,1,54.0,425000.0,16,12,1998
יורדי הסירה 4,3.0,4,64.0,360000.0,14,12,1998
המעפילים 1,4.0,2,85.0,432000.0,14,12,1998
ילין דוד 4,4.0,0,100.0,430000.0,9,12,1998
המעפילים 8,3.0,2,63.0,365000.0,3,12,1998
הרב קוק 17,3.0,0,56.0,365000.0,3,12,1998
המעפילים 4,3.0,1,63.0,410000.0,22,11,1998
מקלנבורג 4,3.0,1,54.0,300000.0,18,11,1998
יורדי הסירה 6,3.0,2,49.0,413000.0,18,11,1998
יוספטל 10,3.5,1,68.0,430000.0,16,11,1998
הרב קוק 12,2.0,2,44.0,364000.0,15,11,1998
הרב מימון 29,4.0,1,76.0,392000.0,5,11,1998
אבן גבירול 15,3.0,1,54.0,364000.0,3,11,1998
יוספטל 10,4.0,1,80.0,430000.0,28,10,1998
המעפילים 34,2.0,1,47.0,236000.0,25,10,1998
הרב קוק 17,3.0,0,56.0,412000.0,23,10,1998
המעפילים 6,3.0,3,63.0,550000.0,19,10,1998
יוספטל 15,2.0,1,36.0,220000.0,8,10,1998
המעפילים 44,2.0,2,42.0,283000.0,2,10,1998
ילין דוד 4,2.0,2,40.0,220000.0,17,9,1998
הרב קוק 15,4.0,2,64.0,342000.0,16,8,1998
שבי ציון 41,3.0,3,66.0,423000.0,16,8,1998
הרב הרצוג 19,2.0,1,42.0,304000.0,9,8,1998
"רמב""ם 9",2.0,1,39.0,251000.0,6,8,1998
הרב מימון 9,2.0,1,42.0,255000.0,29,7,1998
סולד הנריטה 4,2.0,1,39.0,266000.0,27,7,1998
אבן גבירול 11,2.0,2,39.0,277000.0,5,5,1998
שבי ציון 41,3.0,5,66.0,428000.0,19,1,1998
